Name + ORG,ID,Name,ORG,G,GS,W,L,IP,BF,AB,HA,1B,2B,3B,HR,R,ER,BB,IBB,K,HP,SH,SF,WP,BK,CI,DP,IR,IRS,PI,GB,FB,SB,CS
Etsuo Ono Oak,36011,Etsuo Ono,Oakland Athletics,36,36,6,21,227,1029,915,273,185,48,4,36,150,139,95,1,207,7,4,8,13,0,0,18,0,0,3815,217,219,22,10
Ricky Perez-Ruiz Bal,33239,Ricky Perez-Ruiz,Baltimore Orioles,36,36,15,4,247,991,943,230,152,36,6,36,97,92,37,0,259,4,1,6,4,1,0,25,0,0,3740,224,226,26,5
Gabe Moyo Los,14090,Gabe Moyo,Los Angeles Dodgers,36,36,18,9,229.1,930,843,190,140,28,6,16,80,78,72,0,211,5,4,6,6,0,0,18,0,0,3396,205,241,18,8
Ray Numan Chi,18799,Ray Numan,Chicago White Sox,35,35,13,10,212.2,908,835,228,153,40,4,31,115,107,53,0,183,12,4,4,6,1,0,21,0,0,3193,207,220,19,1
Newlyn Boyle Oak,7942,Newlyn Boyle,Oakland Athletics,35,35,15,12,209.2,905,817,221,154,46,3,18,111,99,68,1,167,7,3,10,3,1,0,18,0,0,3345,234,194,20,6
Grayson Alleman Cin,23282,Grayson Alleman,Cincinnati Reds,35,35,10,15,216.2,903,832,209,132,43,4,30,101,97,52,0,196,11,2,6,5,1,0,16,0,0,3358,200,225,21,4
Danny DiDonato San,37380,Danny DiDonato,San Francisco Giants,35,35,11,13,212,899,812,203,140,45,5,13,88,87,70,0,187,6,5,5,2,1,1,15,0,0,3226,210,215,11,4
Felipe Hernández Chi,5681,Felipe Hernández,Chicago Cubs,36,36,10,10,216.1,889,830,202,119,42,7,34,103,99,44,1,172,11,1,3,5,0,0,15,0,0,3153,205,247,23,6
Perry Van Meter Col,40070,Perry Van Meter,Colorado Rockies,32,32,14,9,215,878,809,196,135,40,5,16,91,91,50,0,174,4,5,10,7,0,0,14,0,0,3172,222,224,17,9
Francisco Suárez Hou,38842,Francisco Suárez,Houston Astros,36,36,15,11,212.1,875,794,183,114,44,3,22,93,89,65,0,164,7,1,8,8,0,0,16,0,0,3179,206,244,7,4
Harjap Agarwal Bos,17149,Harjap Agarwal,Boston Red Sox,35,35,9,10,205,872,803,211,149,31,0,31,101,96,61,0,185,6,2,0,4,1,0,16,0,0,3233,172,232,9,6
Cornelius Cobb St.,20284,Cornelius Cobb,St. Louis Cardinals,36,36,11,12,200.1,871,788,208,126,57,2,23,112,104,64,0,170,7,2,10,10,1,0,10,0,0,3200,172,239,27,3
Jonny Bos Mon,23939,Jonny Bos,Montreal Expos,35,35,16,6,207.2,869,789,197,134,40,5,18,93,92,66,0,152,4,3,7,9,2,0,15,0,0,3145,215,232,27,3
Thomas Vera Los,10617,Thomas Vera,Los Angeles Dodgers,35,35,12,9,207.2,868,782,191,124,53,2,12,82,76,72,0,210,8,0,6,7,0,0,19,0,0,3299,183,196,11,7
José Leyva Chi,30975,José Leyva,Chicago Cubs,36,36,14,10,211.1,866,792,181,109,46,4,22,86,82,58,0,184,8,0,7,9,0,1,19,0,0,3212,213,209,12,7
Dave Atalaya Sea,14374,Dave Atalaya,Seattle Mariners,35,35,13,7,206,865,800,209,133,39,2,35,114,107,41,0,202,13,4,7,9,0,0,10,0,0,3227,180,211,7,6
Anthony Hopkins Kan,26569,Anthony Hopkins,Kansas City Monarchs,34,34,10,14,191.2,859,785,229,141,48,5,35,125,119,63,0,129,4,1,6,8,2,0,12,0,0,3140,215,211,37,3
Doug Minard Tam,24392,Doug Minard,Tampa Bay Devil Rays,34,34,12,9,195.2,855,732,190,134,35,7,14,117,111,103,8,169,6,5,9,12,1,0,21,0,0,3219,192,191,17,4
Ray English Det,8128,Ray English,Detroit Tigers,36,36,16,9,194,850,753,203,142,48,1,12,94,93,82,0,206,12,2,1,8,2,0,20,0,0,3209,174,169,26,4
Rex Galenski Was,15573,Rex Galenski,Washington Nationals,35,35,12,11,198.2,850,772,204,138,47,2,17,110,106,67,0,179,2,3,6,4,4,0,13,0,0,3180,179,209,20,2
Ron Harms Ana,26428,Ron Harms,Anaheim Angels,35,34,14,12,204.1,849,787,187,119,39,3,26,89,79,51,2,185,6,0,5,3,1,0,17,0,0,3132,209,195,22,8
V.J. Hunt Bos,23575,V.J. Hunt,Boston Red Sox,33,33,11,12,193.2,843,755,190,121,37,0,32,98,92,78,0,186,4,1,5,12,1,0,12,0,0,3209,160,212,10,8
Logan Owens St.,9215,Logan Owens,St. Louis Cardinals,33,33,16,8,194.2,842,758,203,128,47,12,16,97,94,64,0,169,9,1,10,13,0,0,14,0,0,3157,186,204,21,7
Curt Banks Hou,40075,Curt Banks,Houston Astros,35,35,13,9,199.2,841,746,175,111,44,3,17,94,89,74,0,174,10,5,6,6,0,0,17,0,0,3135,211,188,18,3
Brock Pereira Was,40064,Brock Pereira,Washington Nationals,35,35,18,5,203.2,840,761,174,108,48,7,11,83,77,63,0,190,8,0,8,4,2,0,15,0,0,3150,191,208,25,3
Oliver Hinson Atl,20861,Oliver Hinson,Atlanta Hammers,34,34,8,13,208,838,771,173,109,35,1,28,94,90,54,0,219,6,3,4,8,0,0,14,0,0,3150,180,199,23,6
Billy Roupe Bal,14401,Billy Roupe,Baltimore Orioles,35,35,17,8,195,838,740,173,111,35,2,25,93,81,83,0,187,8,4,3,6,0,0,12,0,0,3217,194,180,27,8
Bee Whitlock Mon,33591,Bee Whitlock,Montreal Expos,35,35,15,8,196.2,829,749,191,127,38,5,21,92,87,59,0,138,13,1,7,6,0,0,20,0,0,2940,191,225,14,11
Lance Buchanan Ana,16039,Lance Buchanan,Anaheim Angels,34,34,11,15,196.1,825,748,174,112,37,3,22,94,79,59,2,185,11,0,7,1,1,0,13,0,0,3088,180,205,22,4
Diego Martínez Det,28740,Diego Martínez,Detroit Tigers,35,35,15,8,194.2,824,749,195,129,40,4,22,85,77,52,0,170,9,4,10,13,3,0,15,0,0,3048,189,202,11,4
Tommie Waldie New,9197,Tommie Waldie,New York Yankees,33,33,11,13,193.1,823,748,198,134,43,5,16,98,95,65,0,178,2,2,6,8,3,0,15,0,0,3034,180,196,16,4
T.C. Settle Sea,16985,T.C. Settle,Seattle Mariners,34,34,9,9,199.1,821,747,172,109,40,2,21,92,85,58,1,199,8,4,4,4,2,0,13,0,0,3027,171,206,16,8
Hunter Cushman Flo,26252,Hunter Cushman,Florida Marlins,33,33,6,15,188,818,745,204,143,30,3,28,110,103,61,2,150,5,1,5,5,2,1,19,0,0,2984,189,198,45,4
Gus Stow Bal,28628,Gus Stow,Baltimore Orioles,33,33,12,15,179.1,818,744,222,143,51,2,26,133,120,62,0,146,6,1,5,6,2,0,9,0,0,3027,155,215,33,5
Ernest Ault San,23292,Ernest Ault,San Diego Padres,33,33,12,15,188.2,815,731,190,130,24,2,34,111,109,77,0,131,3,1,3,7,0,0,15,0,0,3056,209,201,28,8
Rival Adamo Atl,40082,Rival Adamo,Atlanta Hammers,33,33,11,14,193,808,728,175,111,30,3,31,94,93,63,0,180,7,3,7,3,2,0,16,0,0,3035,169,206,18,5
Kristian Klimek Pit,13409,Kristian Klimek,Pittsburgh Pirates,33,33,10,15,181.1,807,751,232,155,55,3,19,117,107,41,1,130,8,2,4,6,0,1,19,0,0,2807,186,197,15,6
Julius Larmee Kan,12615,Julius Larmee,Kansas City Royals,34,34,3,25,176.2,807,728,219,140,41,4,34,146,139,59,0,150,11,3,6,5,1,0,13,0,0,2903,172,187,23,6
Joseph Killmon Ari,33091,Joseph Killmon,Arizona Diamondbacks,33,33,13,10,189.2,806,734,186,125,32,7,22,104,102,56,0,168,8,2,6,8,0,0,10,0,0,2942,169,212,36,7
J.J. English Pit,16548,J.J. English,Pittsburgh Pirates,34,34,10,13,190.2,804,725,180,122,35,3,20,96,93,63,0,160,10,1,5,7,3,0,14,0,0,3008,198,189,21,8
B.J. Peng Col,28199,B.J. Peng,Colorado Rockies,31,31,10,10,186.1,804,736,200,131,41,5,23,105,95,46,0,194,11,2,9,7,0,0,13,0,0,2992,172,171,9,6
Nathan Licona Jr. Ari,26399,Nathan Licona Jr.,Arizona Diamondbacks,33,33,10,10,192,803,705,153,95,31,6,21,80,75,82,0,232,3,4,9,12,2,0,9,0,0,3193,152,171,7,8
Jameson Kee Atl,9751,Jameson Kee,Atlanta Hammers,32,0,15,10,189,797,712,185,121,40,2,22,95,92,64,0,170,8,5,8,8,0,0,18,17,3,2927,149,219,16,6
Crew Pezzuto Mil,13493,Crew Pezzuto,Milwaukee Brewers,35,31,13,10,184.2,795,713,179,115,45,5,14,81,77,62,1,143,9,5,6,12,0,0,13,0,0,2878,198,189,14,3
Welch Rusher Flo,13790,Welch Rusher,Florida Marlins,31,31,7,16,182,792,720,194,137,34,1,22,88,80,60,0,165,8,3,1,10,0,0,19,0,0,2910,168,188,7,4
Taye Wilhite Ari,15929,Taye Wilhite,Arizona Diamondbacks,33,33,12,11,186,792,717,174,109,39,3,23,91,87,60,0,182,11,1,3,8,0,0,12,0,0,3009,189,168,9,4
Aneury Orive Tor,34829,Aneury Orive,Toronto Blue Jays,34,34,9,10,191,791,716,160,102,27,6,25,75,74,60,3,194,10,1,4,7,1,0,13,0,0,3000,179,180,22,6
Harvey Knopp Phi,6040,Harvey Knopp,Philadelphia Phillies,36,36,10,8,192.1,787,699,155,95,36,1,23,87,86,68,0,171,10,3,7,6,0,0,18,0,0,2995,181,197,8,5
Daniel Zirkle San,22905,Daniel Zirkle,San Diego Padres,33,33,9,15,187.2,787,725,178,111,35,7,25,96,95,53,0,147,7,1,1,2,1,0,12,0,0,2873,199,192,15,7
Tom Trombetta Ana,40085,Tom Trombetta,Anaheim Angels,32,32,13,10,183.2,786,709,181,113,42,2,24,87,87,67,2,162,4,4,1,9,1,1,7,0,0,2898,163,206,19,5
Ron Etkins Flo,26911,Ron Etkins,Florida Marlins,31,31,13,14,181.2,783,695,174,114,43,3,14,76,71,75,0,148,7,2,4,11,0,0,15,0,0,2947,184,184,12,8
Gene Light Phi,11504,Gene Light,Philadelphia Phillies,36,36,14,9,194.2,780,717,149,94,34,4,17,68,64,54,0,164,5,3,1,6,1,0,14,0,0,2925,209,190,9,4
Leo Smoyer Hou,29285,Leo Smoyer,Houston Astros,34,34,13,8,182.2,779,685,169,104,43,4,18,93,92,79,0,159,5,3,7,7,0,0,16,0,0,2944,162,199,8,9
Ernest DeArmond Tex,26825,Ernest DeArmond,Texas Rangers,36,29,10,12,186,777,713,173,115,29,1,28,85,81,49,6,174,9,2,3,8,1,1,12,10,3,2864,141,223,16,3
Matt Kard New,30478,Matt Kard,New York Yankees,34,34,11,10,176,773,690,177,115,33,3,26,102,99,70,0,161,7,3,3,9,0,0,14,0,0,2840,161,189,15,1
McKay Rose Cle,40079,McKay Rose,Cleveland Guardians,32,32,16,11,178.1,773,695,181,121,38,1,21,93,85,69,1,136,4,1,4,6,1,0,16,0,0,2861,181,192,10,6
Aubie Schmidt Kan,20561,Aubie Schmidt,Kansas City Royals,34,34,5,13,166.1,771,652,188,124,31,5,28,124,115,100,0,117,8,3,8,6,1,0,19,0,0,2899,188,162,27,6
Keita Saito New,30162,Keita Saito,New York Yankees,33,33,7,10,180,765,704,181,125,17,4,35,102,95,55,0,149,2,3,1,3,0,0,13,0,0,2854,197,167,13,6
Lou Buchanan Tor,8266,Lou Buchanan,Toronto Blue Jays,37,32,12,8,181.1,760,693,173,104,26,1,42,96,92,49,0,170,6,4,8,5,0,0,13,8,1,2805,158,195,8,7
Noah Classen San,24307,Noah Classen,San Diego Padres,32,32,7,8,177.1,760,677,164,110,38,1,15,87,84,69,0,163,4,3,7,8,2,0,3,0,0,2811,154,202,19,5
Jack Giese Sea,30118,Jack Giese,Seattle Mariners,32,32,8,6,178.1,759,706,199,142,25,3,29,101,95,45,0,123,3,2,3,2,0,0,19,0,0,2808,169,212,14,7
Brandon Lujano New,7506,Brandon Lujano,New York Mets,33,33,9,10,168,758,634,164,92,41,3,28,99,91,105,0,185,12,2,5,6,1,0,14,0,0,3006,113,175,12,11
Mpampis Kouteris Kan,34339,Mpampis Kouteris,Kansas City Monarchs,32,32,6,17,174.1,756,697,187,111,33,5,38,111,105,45,0,155,4,1,9,5,0,0,9,0,0,2801,171,184,30,2
Omar Rosado Flo,33334,Omar Rosado,Florida Marlins,32,32,11,15,171.2,754,685,197,142,30,3,22,115,111,58,0,128,5,1,5,2,0,0,18,0,0,2739,186,173,25,8
Clint Regnier Ari,29032,Clint Regnier,Arizona Diamondbacks,33,33,9,12,174,751,667,177,107,44,4,22,90,86,62,0,148,12,3,7,5,0,0,22,0,0,2860,198,146,17,3
Wes Hajna Tor,14178,Wes Hajna,Toronto Blue Jays,33,33,9,11,172.1,750,665,161,108,29,3,21,95,86,67,3,196,11,2,5,13,3,0,6,0,0,2795,142,163,7,5
Gene Lyons Det,25261,Gene Lyons,Detroit Tigers,33,33,13,7,179.1,750,688,184,129,30,1,24,81,80,51,0,139,5,1,5,6,1,0,23,0,0,2779,183,184,10,6
Braxton Mann Phi,6785,Braxton Mann,Philadelphia Phillies,34,34,10,11,176,748,665,162,92,25,2,43,112,107,60,0,148,14,4,5,6,0,0,13,0,0,2702,168,191,18,3
Sawyer Threeton Kan,35794,Sawyer Threeton,Kansas City Royals,32,32,7,18,161.2,743,674,210,142,40,2,26,114,108,55,0,112,1,4,9,8,0,0,10,0,0,2609,156,203,23,3
Gerardo Jaramillo San,9880,Gerardo Jaramillo,San Francisco Giants,35,31,14,10,180.2,739,674,169,109,33,3,24,85,84,56,0,169,2,3,4,7,0,0,17,2,0,2749,179,163,18,6
Ruben Mojado Jr. Bos,41149,Ruben Mojado Jr.,Boston Red Sox,33,33,9,8,176.1,735,670,164,111,33,2,18,77,76,58,0,166,1,3,3,4,0,0,14,0,0,2723,168,174,7,3
Lionel Beaudoin Cin,35026,Lionel Beaudoin,Cincinnati Reds,34,34,5,12,167.2,734,643,168,112,38,2,16,84,81,78,0,141,7,2,4,3,0,0,16,0,0,2677,150,184,15,5
Miles Cavallino Bos,33910,Miles Cavallino,Boston Red Sox,30,29,9,13,167.1,731,667,180,117,34,3,26,106,101,57,0,134,4,3,0,9,0,0,14,0,0,2651,173,174,20,4
Lew Hinton San,7774,Lew Hinton,San Francisco Giants,30,30,13,12,167.1,726,648,167,100,37,4,26,86,82,68,0,144,3,0,7,4,0,0,12,0,0,2756,150,187,20,5
Adán Adames Chi,22972,Adán Adames,Chicago White Sox,31,6,13,8,170.1,725,659,171,119,30,1,21,93,91,49,1,121,4,6,7,2,0,0,9,4,1,2661,172,200,25,6
Dutch Ketron Tex,18756,Dutch Ketron,Texas Rangers,32,30,14,6,174.2,725,653,147,91,31,5,20,87,81,55,0,182,9,2,6,4,0,0,10,0,0,2652,155,170,10,3
Juan Nuñez Los,35626,Juan Nuñez,Los Angeles Dodgers,30,30,8,9,171,725,657,162,105,28,3,26,96,89,56,0,155,7,0,5,8,2,0,7,0,0,2669,154,184,23,5
Coy Moats Atl,23859,Coy Moats,Atlanta Hammers,31,31,7,13,164,721,649,184,116,40,3,25,104,102,57,0,126,6,2,7,3,0,0,9,0,0,2652,139,206,24,3
Ted Ptaszek Los,9359,Ted Ptaszek,Los Angeles Dodgers,32,32,14,7,164.1,718,621,151,97,38,4,12,85,78,76,0,129,12,4,5,4,2,0,17,0,0,2655,182,162,19,2
Emerson Patterson Chi,15144,Emerson Patterson,Chicago White Sox,29,29,14,6,167.2,714,651,169,113,33,4,19,87,80,55,0,159,4,1,3,8,0,0,11,0,0,2703,146,174,9,6
Jason Jugo St.,6875,Jason Jugo,St. Louis Cardinals,33,33,9,8,159.2,712,635,172,106,42,8,16,94,87,61,0,134,9,3,4,7,1,0,11,0,0,2742,185,143,19,4
Lewis Moore New,14109,Lewis Moore,New York Yankees,32,32,13,10,157,711,615,164,113,25,2,24,109,103,81,0,147,9,2,4,7,0,0,10,0,0,2755,165,139,16,3
Cutberto Ruiz Sea,15173,Cutberto Ruiz,Seattle Mariners,33,33,6,10,165.2,710,626,155,104,25,3,23,82,76,63,0,165,13,4,4,11,0,0,18,0,0,2613,143,163,11,5
Tyler Petty Tex,10398,Tyler Petty,Texas Rangers,31,30,12,4,168.2,707,639,159,105,32,5,17,70,65,52,3,165,8,2,6,9,1,0,12,1,0,2630,147,173,14,3
Jake Costello Mon,19850,Jake Costello,Montreal Expos,33,33,12,9,165.1,706,628,159,101,31,5,22,82,82,64,0,166,8,2,3,7,0,1,13,0,0,2698,140,164,10,6
Franco Gamez Kan,33677,Franco Gamez,Kansas City Monarchs,25,25,3,14,156,703,611,161,102,26,4,29,101,93,82,0,109,2,3,5,3,0,0,12,0,0,2595,166,174,16,7
Jonathan Bagwell Col,12612,Jonathan Bagwell,Colorado Rockies,35,28,10,8,168.1,701,655,161,93,36,5,27,93,86,35,0,135,9,0,2,4,1,0,10,4,1,2542,155,197,18,5
Jack Crandell Phi,8071,Jack Crandell,Philadelphia Phillies,33,33,7,8,168.1,699,632,154,99,32,4,19,74,70,54,0,136,5,1,7,6,0,0,19,0,0,2652,189,157,6,4
Eduardo Quintero Sea,30302,Eduardo Quintero,Seattle Mariners,29,29,4,12,156.2,699,644,197,133,32,3,29,114,109,35,0,125,14,1,5,5,2,0,16,0,0,2509,152,169,21,3
Yelvis Peguero Mil,29333,Yelvis Peguero,Milwaukee Brewers,36,32,10,9,165,697,637,159,111,31,2,15,80,74,50,1,159,5,1,4,4,4,0,12,2,0,2638,152,164,11,3
Yusniel Ceniceros Mil,36108,Yusniel Ceniceros,Milwaukee Brewers,41,26,12,5,163.1,696,628,158,113,32,0,13,76,71,57,2,145,7,2,2,4,0,0,13,0,0,2647,150,171,17,6
Carlos Fernández Oak,35475,Carlos Fernández,Oakland Athletics,33,22,5,11,148.2,696,603,186,114,44,1,27,117,111,83,1,105,2,3,5,5,0,0,17,10,3,2577,164,150,18,2
Rudy Valdez New,7700,Rudy Valdez,New York Yankees,30,30,14,7,166.1,696,616,151,93,31,2,25,80,80,65,0,143,5,3,7,10,2,0,12,0,0,2568,139,192,10,7
Grayson Ruff Min,19100,Grayson Ruff,Minnesota Twins,32,32,8,12,165.1,692,622,154,103,36,3,12,73,65,57,0,164,4,2,7,4,1,0,20,0,0,2643,162,144,24,4
Easton Lotts San,25924,Easton Lotts,San Francisco Giants,31,29,13,8,164.2,688,637,163,111,34,1,17,82,77,43,0,140,6,1,1,7,1,0,12,1,0,2581,163,168,17,3
Raymundo Tinoco Tam,33664,Raymundo Tinoco,Tampa Bay Devil Rays,37,28,9,11,149.2,688,604,168,103,27,2,36,117,111,73,5,123,3,0,8,9,1,0,3,5,3,2537,135,180,11,6
Chieh-Jui Chu Atl,38258,Chieh-Jui Chu,Atlanta Hammers,30,30,5,12,159.2,684,621,164,108,34,5,17,95,90,58,0,153,2,0,3,4,0,0,15,0,0,2656,145,157,17,4
Miguel González Tex,29843,Miguel González,Texas Rangers,31,30,9,8,159.2,683,615,145,83,32,2,28,94,85,56,0,161,8,1,2,6,1,1,9,1,0,2666,150,154,25,3
Alfonso Muñoz Min,30690,Alfonso Muñoz,Minnesota Twins,37,22,10,12,161,681,613,147,98,34,2,13,75,73,45,0,133,12,1,10,4,0,0,7,12,8,2562,137,202,20,3
René Brito Cin,32890,René Brito,Cincinnati Reds,30,30,9,11,160.2,680,625,165,93,36,4,32,90,85,46,0,132,3,1,5,7,2,0,15,0,0,2478,161,165,3,6
John Doherty Oak,22108,John Doherty,Oakland Athletics,34,23,7,13,149.2,680,614,185,110,32,5,38,114,100,51,0,145,6,2,7,9,2,0,14,7,1,2649,132,150,9,4
Donovan Zaccone Mil,15597,Donovan Zaccone,Milwaukee Brewers,46,24,13,10,163.1,678,625,165,107,36,4,18,83,81,43,0,126,8,1,1,2,1,0,22,11,2,2508,168,166,12,2
Juan Alvarado New,35621,Juan Alvarado,New York Mets,31,31,15,5,171.2,677,604,102,61,23,4,14,48,46,62,0,249,8,1,2,7,1,0,7,0,0,2695,116,136,14,5
Landry Skolnick Mil,11270,Landry Skolnick,Milwaukee Brewers,32,29,5,14,148,665,570,152,94,34,4,20,90,88,73,0,131,11,3,8,5,1,0,10,3,3,2518,122,172,7,5
Conner Balov Chi,21489,Conner Balov,Chicago Cubs,30,30,7,9,148.1,661,596,169,112,34,3,20,90,87,50,0,123,8,1,6,6,2,0,8,0,0,2408,142,164,16,4
Isaac Pavao New,40052,Isaac Pavao,New York Mets,32,1,16,7,152.1,660,582,139,83,36,2,18,87,78,71,1,147,1,1,5,6,2,0,11,22,2,2574,131,163,29,4
Landen Adkins Tex,18238,Landen Adkins,Texas Rangers,34,25,7,12,155,657,597,150,84,29,6,31,90,86,43,0,148,9,3,5,5,0,0,13,9,0,2485,151,148,18,4
Junji Saeki Det,41155,Junji Saeki,Detroit Tigers,29,29,9,8,162.2,657,616,144,95,33,0,16,64,63,31,0,132,3,3,3,2,1,1,13,0,0,2398,151,189,9,0
Mike Sparks Ana,32869,Mike Sparks,Anaheim Angels,26,26,9,7,159.1,656,596,134,82,28,3,21,61,59,50,3,141,5,3,2,5,1,0,12,0,0,2443,149,169,6,6
Adrian Luft Pit,14651,Adrian Luft,Pittsburgh Pirates,50,21,10,9,154.2,652,599,146,97,24,4,21,73,69,38,0,139,10,0,5,12,0,0,7,14,6,2378,141,170,12,4
Owen Derouin Los,9251,Owen Derouin,Los Angeles Dodgers,37,22,7,7,151,651,587,155,112,26,2,15,81,79,56,0,125,5,1,2,3,0,0,15,7,0,2407,155,149,21,2
Josh O'Hearn Bal,14877,Josh O'Hearn,Baltimore Orioles,53,20,5,9,147.1,647,560,134,86,28,2,18,82,79,72,1,167,9,2,4,7,0,0,11,11,1,2550,126,130,10,6
Collin Mishler Was,25223,Collin Mishler,Washington Nationals,30,27,7,8,154.1,646,587,155,102,34,2,17,82,74,44,0,133,5,2,8,9,0,0,12,3,1,2391,131,173,10,7
Colton Spellman Was,8760,Colton Spellman,Washington Nationals,34,25,3,9,143,643,548,142,98,33,1,10,85,80,76,0,135,9,2,8,6,1,0,12,5,0,2471,141,135,17,3
Graham Neely San,34892,Graham Neely,San Diego Padres,28,28,6,13,146.2,639,555,131,70,38,5,18,79,76,66,0,146,9,2,7,5,0,0,9,0,0,2418,123,159,15,0
Landon Vaz Mon,27333,Landon Vaz,Montreal Expos,30,26,10,12,147.2,637,579,166,109,32,2,23,97,95,41,0,118,7,4,6,5,0,0,10,2,0,2356,148,153,30,9
James Gaspard Cle,12854,James Gaspard,Cleveland Guardians,26,26,10,5,152.1,636,585,136,92,26,2,16,72,68,42,1,134,5,0,3,2,0,1,8,0,0,2356,130,180,19,5
Bruno Lambert Ana,2152,Bruno Lambert,Anaheim Angels,29,29,10,10,144,636,585,168,117,30,4,17,79,75,44,0,127,3,3,1,4,0,0,12,0,0,2321,151,134,13,5
Ricardo Montero Col,30896,Ricardo Montero,Colorado Rockies,25,25,7,13,145.1,630,564,143,93,33,2,15,83,77,59,0,97,2,1,3,6,0,1,10,0,0,2333,142,180,21,2
Terry Arendt Was,16077,Terry Arendt,Washington Nationals,59,15,6,12,150,628,562,142,90,34,3,15,74,72,53,1,158,8,1,4,6,0,0,22,25,4,2387,122,144,17,1
King Holderness Kan,31046,King Holderness,Kansas City Monarchs,55,18,7,12,131.1,623,548,172,114,40,1,17,90,88,65,1,105,4,0,6,6,2,0,12,18,9,2317,129,144,23,0
Rory Farnstrom Kan,17410,Rory Farnstrom,Kansas City Royals,65,5,3,3,128,622,525,146,95,31,1,19,92,84,83,0,112,10,0,4,7,0,0,3,39,19,2389,109,154,17,1
Travis Chanslor Bal,27200,Travis Chanslor,Baltimore Orioles,24,24,7,10,142,620,569,161,95,38,0,28,94,90,42,0,127,3,0,5,7,0,1,5,0,0,2294,129,154,9,5
John Guinn New,28907,John Guinn,New York Mets,27,27,13,6,151,617,568,133,79,31,4,19,71,71,38,0,178,4,2,5,6,2,0,11,0,0,2323,137,119,7,4
Rich Rosenfeld Pit,19961,Rich Rosenfeld,Pittsburgh Pirates,35,20,10,8,138,608,557,158,108,26,3,21,83,81,38,2,113,2,1,10,8,0,0,6,5,2,2232,132,159,18,2
Lenard Estala Det,3951,Lenard Estala,Detroit Tigers,25,25,9,8,146,604,562,146,94,33,3,16,70,62,29,1,108,7,1,5,6,1,0,12,0,0,2094,152,158,9,3
Zach Flowers Was,16066,Zach Flowers,Washington Nationals,25,25,6,7,136,590,534,152,102,30,7,13,80,76,43,0,115,4,1,6,5,1,2,14,0,0,2140,134,133,5,7
Jared Wiseman Hou,21761,Jared Wiseman,Houston Astros,25,25,7,6,143.1,587,539,135,86,33,2,14,60,59,33,0,132,8,3,3,2,0,1,12,0,0,2160,138,135,11,7
Damian Zirbes Chi,20057,Damian Zirbes,Chicago Cubs,29,25,6,7,133.2,584,516,133,85,28,2,18,82,74,55,0,116,7,1,5,4,3,0,15,0,0,2227,130,135,16,4
Tillman Barnes St.,17402,Tillman Barnes,St. Louis Cardinals,24,24,9,6,136.2,581,537,131,76,29,4,22,78,72,37,0,137,4,0,3,4,0,0,9,0,0,2167,119,143,8,1
Luca Blacksher Pit,21910,Luca Blacksher,Pittsburgh Pirates,38,20,4,9,129,580,528,148,98,24,8,18,78,72,43,0,130,3,1,5,8,0,0,6,15,5,2204,127,120,10,4
Pepé Giampà New,34627,Pepé Giampà,New York Mets,24,24,10,7,130.2,571,519,133,83,31,2,17,64,60,46,0,106,3,1,1,3,1,1,8,0,0,2067,123,154,19,0
Logan Dickerson Tam,16013,Logan Dickerson,Tampa Bay Devil Rays,22,22,3,8,123.2,560,491,139,94,24,2,19,74,73,49,9,112,9,2,7,2,2,2,3,0,0,2008,122,124,12,4
Victor Quinteros Mil,26043,Victor Quinteros,Milwaukee Brewers,50,16,5,11,130,555,496,117,73,28,2,14,67,62,48,1,101,4,2,5,2,0,0,8,15,4,2019,141,137,14,3
Miguel Marte Pit,19640,Miguel Marte,Pittsburgh Pirates,23,23,6,7,126.2,546,476,108,70,23,4,11,60,57,50,0,98,13,1,6,8,1,0,3,0,0,2046,132,139,24,7
Sam McCullah Tor,15075,Sam McCullah,Toronto Blue Jays,60,11,6,7,121,546,491,144,83,37,4,20,77,72,42,1,102,7,0,6,6,1,0,5,34,16,2037,123,124,15,1
Timothy Goins Cin,9885,Timothy Goins,Cincinnati Reds,25,25,9,7,128.1,545,500,130,76,22,2,30,72,65,35,0,112,7,1,2,2,0,0,11,0,0,2035,99,153,20,4
Trey Rickerson Tor,6761,Trey Rickerson,Toronto Blue Jays,24,24,10,7,127,541,480,112,70,25,1,16,61,54,45,2,112,10,0,5,4,2,1,8,0,0,2046,94,161,11,1
Melvin Martínez Kan,40622,Melvin Martínez,Kansas City Royals,66,13,6,10,121,540,482,130,77,27,2,24,90,83,51,0,112,3,0,4,5,0,0,6,31,4,2035,122,116,15,2
Abraham Caddy Ari,14611,Abraham Caddy,Arizona Diamondbacks,30,19,5,9,120.2,539,497,145,88,38,1,18,76,71,31,0,93,4,2,5,3,0,0,8,11,3,1965,111,145,14,3
John Zugaza Tam,16520,John Zugaza,Tampa Bay Devil Rays,22,22,6,10,115,539,480,153,106,20,2,25,86,80,45,2,120,9,1,4,4,0,0,11,0,0,2015,104,103,13,1
Ivan Morel Mon,22706,Ivan Morel,Montreal Expos,27,27,7,5,123.2,538,482,123,85,23,0,15,71,70,50,0,104,2,0,3,5,0,1,6,0,0,2000,123,134,10,1
Arvin Gardiner Pit,16322,Arvin Gardiner,Pittsburgh Pirates,54,14,6,5,126.1,532,478,106,70,15,2,19,57,53,41,0,120,9,1,3,2,1,0,4,24,5,1961,102,147,14,2
Sam Bailes Tam,21392,Sam Bailes,Tampa Bay Devil Rays,30,20,3,10,116.2,529,465,141,99,22,2,18,93,81,53,6,92,2,3,6,4,3,0,16,11,2,1983,131,104,6,3
Darrel Var Sea,11508,Darrel Var,Seattle Mariners,42,15,3,9,116.1,524,456,116,70,27,1,18,60,55,58,0,116,7,2,1,4,0,0,8,22,8,2009,93,127,21,1
Hywel Allred Los,15790,Hywel Allred,Los Angeles Dodgers,35,15,4,12,113.1,521,465,136,94,22,5,15,81,73,45,1,83,6,1,4,2,0,0,9,16,4,1914,128,116,12,1
Pinga Olivera San,27278,Pinga Olivera,San Francisco Giants,33,17,7,6,126,521,489,132,89,23,1,19,59,57,28,0,95,1,1,2,7,1,0,13,12,5,1839,134,125,5,7
David de la Cruz Kan,24022,David de la Cruz,Kansas City Royals,23,23,2,10,111.2,520,465,141,94,29,1,17,84,74,44,0,86,7,3,1,5,0,0,7,0,0,1973,127,108,17,4
Ray Sims Cle,9660,Ray Sims,Cleveland Guardians,31,19,7,8,116.2,515,476,137,96,19,2,20,79,65,30,0,97,2,1,6,5,2,0,8,13,7,1843,91,148,9,1
Rocky Gastelum Chi,5432,Rocky Gastelum,Chicago Cubs,38,19,5,7,118.1,514,451,115,72,25,3,15,71,69,58,2,85,2,0,3,3,0,0,10,6,5,2001,130,122,10,4
John Michael Vieux Hou,25176,John Michael Vieux,Houston Astros,37,16,10,5,123.1,507,464,115,86,20,4,5,53,51,32,0,86,8,0,3,1,2,0,16,13,1,1822,127,136,19,3
Altificio Martínez Min,32871,Altificio Martínez,Minnesota Twins,40,17,5,11,116.1,504,453,118,74,26,1,17,58,43,35,0,100,9,1,6,9,2,0,15,18,3,1835,90,142,5,1
Michael Engblom Tor,32569,Michael Engblom,Toronto Blue Jays,64,5,7,5,114.1,502,430,104,69,28,1,6,59,59,63,3,115,5,0,4,7,0,0,8,41,11,1932,105,107,5,3
Alroy Rodríguez Kan,29973,Alroy Rodríguez,Kansas City Royals,79,0,4,5,112,498,417,106,71,24,1,10,55,55,71,0,74,1,3,6,6,3,0,14,55,17,1849,121,122,6,1
Julien Moore Flo,9089,Julien Moore,Florida Marlins,21,19,1,8,104,496,443,150,98,30,2,20,92,82,32,0,30,13,3,5,8,0,0,10,2,0,1735,96,166,12,3
Billy Parry Bal,28697,Billy Parry,Baltimore Orioles,94,0,3,10,112.1,494,445,120,79,27,2,12,72,67,40,4,113,3,2,4,4,2,0,8,31,9,1866,101,110,13,1
Ashton Gallardo Kan,40221,Ashton Gallardo,Kansas City Monarchs,77,1,3,5,107,490,419,111,67,24,1,19,69,66,62,2,117,6,0,3,5,0,0,5,41,16,1936,85,107,8,4
Russ Little San,7704,Russ Little,San Diego Padres,46,6,2,4,111,488,430,109,69,22,1,17,59,56,45,0,112,8,1,4,6,0,0,5,35,11,1891,81,127,21,4
Jacob Baron Chi,27125,Jacob Baron,Chicago White Sox,37,17,8,8,110.2,487,430,111,69,19,2,21,76,75,51,1,103,4,0,2,4,1,0,10,12,4,1815,97,115,13,4
Aiden Gantt Pit,27924,Aiden Gantt,Pittsburgh Pirates,27,18,5,9,114,485,436,104,69,19,2,14,59,56,39,0,91,6,2,2,4,2,0,9,9,2,1831,113,124,14,5
Felix Martínez New,40001,Felix Martínez,New York Mets,42,13,2,5,117.1,485,429,100,67,21,2,10,53,51,49,0,101,0,2,5,8,2,0,14,13,2,1812,111,122,10,2
Bryan Plumb Tam,27347,Bryan Plumb,Tampa Bay Devil Rays,45,9,4,6,107.1,484,416,116,65,27,2,22,77,75,60,10,101,1,1,6,4,0,0,10,17,4,1743,93,110,7,3
Nick Cusson Chi,34303,Nick Cusson,Chicago Cubs,23,21,10,6,117,483,429,101,72,16,6,7,50,49,43,0,84,2,1,8,3,0,0,8,4,0,1764,106,146,20,5
Jerome White Tam,23035,Jerome White,Tampa Bay Devil Rays,21,19,4,10,109,476,422,111,74,17,3,17,68,67,50,7,86,1,1,1,2,0,1,15,3,0,1781,102,119,16,1
Weldon Yong Cin,8902,Weldon Yong,Cincinnati Reds,90,0,4,3,117,474,431,99,68,15,3,13,46,46,35,2,97,6,1,1,4,1,0,17,23,11,1736,118,116,12,2
Hans De Strade Cle,14864,Hans De Strade,Cleveland Guardians,18,18,7,5,111,473,436,125,87,19,2,17,59,58,28,0,86,6,0,3,7,0,0,7,0,0,1693,107,121,8,8
Cecilio Ramos Col,34609,Cecilio Ramos,Colorado Rockies,19,19,4,5,105.2,473,424,121,66,31,3,21,69,69,42,0,117,3,1,3,3,0,0,7,0,0,1778,86,102,10,2
Damian Rease Sea,11574,Damian Rease,Seattle Mariners,94,0,5,7,116.2,467,434,96,69,16,1,10,40,39,23,2,112,6,2,2,2,1,0,6,38,15,1711,104,125,8,1
Landry Kraus Mil,40069,Landry Kraus,Milwaukee Brewers,43,14,8,4,107,465,418,104,70,18,1,15,60,56,41,3,91,3,1,2,4,1,0,5,10,1,1732,87,133,13,2
Kester Littell Oak,13628,Kester Littell,Oakland Athletics,29,12,4,4,103,464,402,114,69,24,2,19,70,65,49,0,73,5,3,5,6,2,0,10,18,9,1745,110,108,15,5
Steve Weber Bos,32619,Steve Weber,Boston Red Sox,32,14,8,8,98,462,411,126,72,22,2,30,76,73,41,0,89,6,2,2,2,0,0,5,9,2,1717,92,105,10,1
Ron Walters San,8419,Ron Walters,San Francisco Giants,24,17,3,8,104,459,420,114,76,22,1,15,64,60,30,0,81,5,0,3,5,0,1,5,3,1,1659,90,133,16,2
Kenneth Feaster Tam,15979,Kenneth Feaster,Tampa Bay Devil Rays,45,0,3,6,101.2,456,396,108,75,15,2,16,67,56,50,11,83,2,2,6,2,1,0,13,36,10,1660,96,108,11,3
Floris Schurman Hou,11832,Floris Schurman,Houston Astros,35,15,9,5,104.1,453,407,106,70,23,2,11,61,54,41,0,95,4,0,1,2,0,0,9,10,5,1718,89,112,19,2
Rueben Gold New,15810,Rueben Gold,New York Yankees,74,0,9,5,102,452,387,97,67,14,3,13,51,48,60,0,96,2,1,2,2,0,0,8,25,7,1726,91,102,9,3
Mason Shields Chi,20990,Mason Shields,Chicago Cubs,61,0,5,2,102.2,452,396,99,69,21,0,9,48,38,48,1,80,4,2,2,4,1,0,6,35,10,1694,95,121,17,3
José Delgado St.,28895,José Delgado,St. Louis Cardinals,76,0,7,5,110,447,415,97,62,17,1,17,48,43,30,1,110,1,1,0,5,2,0,9,33,9,1715,109,96,18,3
Rickey Van Buren Ari,28938,Rickey Van Buren,Arizona Diamondbacks,52,14,3,6,103.1,439,397,99,58,20,5,16,51,50,37,1,100,3,0,2,6,1,0,9,29,12,1651,105,91,5,3
Yasniel Barragan Min,36082,Yasniel Barragan,Minnesota Twins,46,10,5,6,100.1,436,386,98,62,20,4,12,52,50,42,1,83,1,2,5,3,0,0,12,20,7,1611,97,110,7,0
Robinson Mayfield Phi,20323,Robinson Mayfield,Philadelphia Phillies,22,22,6,8,103.1,436,396,95,68,14,4,9,51,45,31,0,81,6,0,3,1,0,0,10,0,0,1690,99,116,16,1
Mark Barteau Phi,14679,Mark Barteau,Philadelphia Phillies,92,0,5,4,103.2,431,374,82,59,13,0,10,31,31,45,1,98,9,1,2,4,0,0,11,8,8,1646,97,97,2,3
Rhys Dunfee Phi,13031,Rhys Dunfee,Philadelphia Phillies,67,0,4,9,96.2,426,385,108,68,18,4,18,67,65,32,0,57,3,2,4,8,0,0,5,55,15,1529,100,122,6,0
Feo Segura Oak,1613,Feo Segura,Oakland Athletics,37,10,1,6,93,423,376,113,64,25,3,21,76,73,44,0,69,0,1,2,5,0,0,6,19,5,1642,109,87,11,4
Bernal Morillo New,22617,Bernal Morillo,New York Mets,59,0,7,1,103.2,420,378,81,50,14,3,14,41,40,36,1,92,4,0,2,4,0,0,12,37,5,1602,106,98,9,2
Pedro Pacheco Ari,31895,Pedro Pacheco,Arizona Diamondbacks,38,11,5,7,92.2,420,366,104,62,23,2,17,68,68,41,0,86,6,0,7,1,1,0,5,23,5,1605,65,114,14,4
P.J. Daniels Flo,26347,P.J. Daniels,Florida Marlins,79,0,3,3,99.2,418,374,95,73,12,0,10,51,51,34,0,83,3,1,6,6,1,0,9,57,18,1601,87,115,9,2
Tom Moore Det,9188,Tom Moore,Detroit Tigers,67,0,4,7,106,417,379,82,57,15,0,10,32,32,32,3,90,2,1,3,8,0,0,17,38,10,1537,111,96,4,2
Pedro Soto Kan,18858,Pedro Soto,Kansas City Royals,80,0,0,3,82.1,415,335,103,63,25,4,11,80,76,70,0,71,3,1,6,6,1,0,5,37,17,1561,62,100,10,2
Jacques Mattson Col,8231,Jacques Mattson,Colorado Rockies,19,19,3,7,90.2,413,366,107,61,24,2,20,65,60,41,0,93,1,1,4,2,0,0,6,0,0,1609,83,85,6,1
Alexzander Siegrist Was,13208,Alexzander Siegrist,Washington Nationals,78,0,9,6,94.1,410,373,101,65,19,5,12,45,42,34,2,84,1,1,1,7,2,0,9,43,17,1558,89,99,10,1
Jace McCann Chi,34597,Jace McCann,Chicago White Sox,55,0,8,0,91.2,408,346,83,57,14,3,9,42,39,51,0,97,3,1,6,4,3,1,5,46,14,1628,71,99,1,1
Nikko Thompson Cin,19017,Nikko Thompson,Cincinnati Reds,83,0,3,8,94.2,405,355,87,57,22,1,7,37,35,41,7,71,2,2,5,4,1,0,8,35,15,1467,104,97,6,1
Hudson Cunningham Flo,7124,Hudson Cunningham,Florida Marlins,60,2,2,4,92,404,363,94,58,15,4,17,53,44,32,1,72,4,0,5,4,2,0,7,45,15,1481,84,111,7,2
Seth Woodard Flo,7101,Seth Woodard,Florida Marlins,55,0,2,2,90.2,404,362,97,61,15,2,19,65,62,31,0,97,6,1,4,3,1,0,4,35,13,1488,79,90,7,1
Simón Haros Bal,18811,Simón Haros,Baltimore Orioles,56,0,1,2,87.2,402,338,94,63,18,4,9,60,57,56,0,70,2,1,5,8,0,0,13,34,17,1509,88,88,5,2
Jeremy Knighten Was,9695,Jeremy Knighten,Washington Nationals,81,0,5,8,98.1,402,373,85,55,17,1,12,43,42,24,2,92,1,3,1,4,0,0,4,39,13,1456,87,109,11,1
Rafi Gibbons Bos,22652,Rafi Gibbons,Boston Red Sox,81,0,9,6,98.2,401,369,95,69,7,1,18,40,39,26,5,87,4,0,2,3,1,0,10,37,11,1481,84,103,10,5
C.J. McGee St.,8791,C.J. McGee,St. Louis Cardinals,79,0,10,8,93.1,401,372,95,60,20,4,11,47,38,24,0,93,4,0,1,2,0,0,8,20,4,1484,76,101,7,2
Cameron Schmidt Bos,15994,Cameron Schmidt,Boston Red Sox,32,8,2,3,94.2,397,363,89,57,18,0,14,45,41,28,0,85,3,1,1,2,0,1,8,18,4,1445,83,106,4,0
Scooter Vanderpool Phi,23586,Scooter Vanderpool,Philadelphia Phillies,79,1,3,6,97.2,394,352,72,46,10,3,13,36,35,33,4,86,6,2,1,1,0,0,7,35,7,1467,76,118,8,3
Jordan Verhoff Ari,17077,Jordan Verhoff,Arizona Diamondbacks,70,0,3,2,94,394,369,97,61,20,2,14,46,43,22,0,87,1,0,2,1,0,0,12,42,14,1399,99,83,7,0
Chia-Chen Lo Det,23385,Chia-Chen Lo,Detroit Tigers,65,0,8,5,99,393,373,99,71,19,2,7,32,30,16,1,78,1,1,2,2,0,0,12,37,12,1429,87,110,5,4
Keith Ercan Chi,35017,Keith Ercan,Chicago White Sox,61,6,9,3,95.1,392,350,77,56,14,1,6,37,33,38,0,68,3,0,1,5,0,0,14,35,8,1443,103,97,6,2
Karam McIntyre Mon,34898,Karam McIntyre,Montreal Expos,64,4,3,1,90.2,392,345,93,58,25,2,8,47,46,41,2,80,3,0,3,0,2,0,11,47,16,1464,80,94,3,3
Victor Permuy Los,6537,Victor Permuy,Los Angeles Dodgers,56,0,4,1,89.2,391,348,91,54,21,3,13,43,39,32,0,90,4,0,7,4,1,0,7,29,14,1468,50,119,13,1
Lenny Mori Tex,23329,Lenny Mori,Texas Rangers,70,0,5,3,93.1,388,348,79,51,15,2,11,31,30,34,9,90,4,0,2,1,1,0,11,40,7,1425,89,88,7,1
Miles Grosse Phi,18430,Miles Grosse,Philadelphia Phillies,62,0,9,1,96,386,353,77,54,13,0,10,21,21,25,1,85,4,0,4,2,0,0,5,47,15,1462,76,117,8,3
Adonis Sánchez Cle,40049,Adonis Sánchez,Cleveland Guardians,17,17,7,3,97.2,386,358,79,57,15,1,6,35,32,21,3,80,3,0,4,1,0,0,7,0,0,1426,85,113,10,2
Noah Toppin San,27683,Noah Toppin,San Diego Padres,81,0,3,4,89.1,384,340,76,49,15,0,12,49,49,33,0,94,8,2,1,7,0,0,2,28,7,1485,89,80,15,1
Miles Schultz Mil,11446,Miles Schultz,Milwaukee Brewers,64,0,4,2,94.1,380,353,78,52,13,1,12,30,26,19,0,106,7,0,1,2,1,0,3,39,4,1419,87,80,4,1
Chase Rousse Chi,34969,Chase Rousse,Chicago White Sox,58,10,4,2,84,378,307,65,44,13,1,7,42,40,62,0,81,6,1,2,6,0,0,6,24,8,1482,80,82,9,4
Donovan Kelderhouse Pit,22178,Donovan Kelderhouse,Pittsburgh Pirates,47,7,7,4,85,375,346,99,77,11,0,11,45,44,25,0,80,1,0,3,5,0,0,5,22,14,1419,88,78,23,2
Christian Rizzo Mon,27412,Christian Rizzo,Montreal Expos,62,0,4,4,90.1,374,337,74,57,11,1,5,28,25,32,2,68,2,0,2,4,0,1,10,28,9,1394,88,103,13,2
Alec Miler Cin,28626,Alec Miler,Cincinnati Reds,37,13,5,9,86.1,372,338,92,52,14,2,24,60,59,25,0,76,7,0,2,5,0,0,9,16,1,1385,80,89,12,0
Harris Vanatta Det,9365,Harris Vanatta,Detroit Tigers,65,0,8,2,87.2,370,341,84,54,22,1,7,34,32,20,0,72,4,2,3,4,1,0,5,28,10,1359,87,95,3,2
Kasen Hammond Los,8207,Kasen Hammond,Los Angeles Dodgers,58,0,9,2,87,369,343,90,58,19,3,10,41,36,21,1,82,1,0,4,5,0,0,6,44,20,1390,66,103,9,1
Édouard Primeau Min,9822,Édouard Primeau,Minnesota Twins,23,13,5,9,83,368,341,105,68,20,0,17,57,55,25,1,62,0,1,1,3,0,0,10,5,1,1302,90,84,5,1
R.J. Badgett Chi,22882,R.J. Badgett,Chicago Cubs,57,0,9,3,85.1,362,326,82,50,23,2,7,37,35,28,5,78,5,0,3,5,0,0,5,37,18,1339,86,78,14,2
Andy Koontz San,9526,Andy Koontz,San Diego Padres,72,0,8,4,92.2,362,333,65,43,12,0,10,29,29,19,0,77,7,0,3,4,0,0,4,27,7,1340,99,93,6,4
Moe Leibhart New,17201,Moe Leibhart,New York Mets,66,0,6,3,90.1,362,327,74,47,16,1,10,38,35,31,1,85,2,0,2,6,0,0,12,28,8,1350,91,75,7,5
Lytton Reuter Pit,9346,Lytton Reuter,Pittsburgh Pirates,40,8,5,4,82,361,319,85,59,13,1,12,44,43,31,0,72,6,1,4,5,0,0,5,18,8,1301,82,82,14,2
Noah Troutman Mon,14456,Noah Troutman,Montreal Expos,64,0,6,2,83,361,317,89,58,19,7,5,42,42,35,1,63,1,0,8,6,1,0,9,44,9,1340,72,100,4,2
Meyer Gaffney Hou,5762,Meyer Gaffney,Houston Astros,66,0,8,3,92.1,358,333,58,40,9,0,9,23,21,19,0,84,6,0,0,4,1,0,8,43,15,1301,107,78,3,1
Beanpole Rice Kan,16540,Beanpole Rice,Kansas City Monarchs,16,15,4,5,74.2,358,308,98,63,19,2,14,65,60,40,0,54,4,3,3,1,0,0,8,2,0,1318,73,85,11,1
Darwin Schroeder Cle,14055,Darwin Schroeder,Cleveland Guardians,67,0,5,9,77,358,310,83,45,20,0,18,53,50,44,5,59,2,1,1,1,1,0,4,39,17,1300,80,85,6,1
Anis Matar Tahiri Mil,9899,Anis Matar Tahiri,Milwaukee Brewers,66,0,6,3,87.1,358,328,66,35,19,4,8,30,28,24,3,101,4,0,2,6,0,0,2,38,12,1367,63,95,4,1
Webster Burney Phi,23293,Webster Burney,Philadelphia Phillies,76,0,5,4,87.2,357,324,72,48,13,0,11,29,21,29,3,80,4,0,0,4,0,0,9,30,4,1319,86,83,9,3
Yerdel Cobos Chi,2796,Yerdel Cobos,Chicago Cubs,58,0,1,5,86.1,357,328,79,48,17,2,12,40,37,23,3,78,3,1,2,3,0,0,7,30,7,1290,56,115,5,1
Raul Arrollo Cle,33561,Raul Arrollo,Cleveland Guardians,15,15,4,5,86,356,306,67,45,9,2,11,34,34,41,0,75,3,2,4,2,0,0,10,0,0,1377,79,90,16,2
Neil Youse Cle,13554,Neil Youse,Cleveland Guardians,15,15,5,4,88.1,356,325,69,41,15,2,11,31,31,28,0,104,1,1,1,0,0,0,4,0,0,1388,73,80,7,4
Brad Patterson Det,23960,Brad Patterson,Detroit Tigers,54,0,1,6,85.2,353,324,77,57,11,2,7,31,29,29,0,55,0,0,0,5,0,0,12,25,6,1298,84,104,3,1
LaTroy McGowan Los,12171,LaTroy McGowan,Los Angeles Dodgers,64,0,5,5,86.1,352,322,76,47,13,2,14,27,26,24,0,69,4,0,2,3,0,0,8,30,11,1270,88,89,7,3
Simón Castaneda Bos,36573,Simón Castaneda,Boston Red Sox,68,0,9,6,82.1,350,305,73,45,17,0,11,38,38,37,1,68,3,2,3,2,0,0,9,25,6,1264,75,92,13,1
Jim Chi Atl,12005,Jim Chi,Atlanta Hammers,45,2,2,2,82,350,305,77,47,12,3,15,44,44,38,0,86,6,0,1,2,1,0,14,20,3,1351,63,76,8,3
Sandy Balentine San,14775,Sandy Balentine,San Francisco Giants,66,1,2,1,84.1,349,326,85,55,14,1,15,41,39,14,3,75,3,1,5,2,0,0,6,50,13,1319,77,93,5,1
Sergio Gordillo Bal,39105,Sergio Gordillo,Baltimore Orioles,62,0,2,6,81,349,310,75,55,9,0,11,35,34,37,1,72,1,1,0,4,0,0,7,38,6,1333,91,68,11,2
Vince Kwon Kan,7380,Vince Kwon,Kansas City Royals,64,0,3,4,81,348,319,86,50,17,3,16,49,48,24,0,80,0,0,5,3,1,0,3,32,9,1325,69,86,2,1
Finn Mueller Los,25686,Finn Mueller,Los Angeles Dodgers,75,0,6,5,87,347,320,68,49,14,1,4,22,22,22,2,82,2,1,2,2,0,0,2,7,2,1332,94,78,3,2
Luis Cobian Ari,34753,Luis Cobian,Arizona Diamondbacks,52,2,5,4,77.1,345,308,84,55,18,4,7,43,40,29,0,79,2,1,5,1,0,0,3,27,10,1323,78,71,1,1
Damian Resseguie Pit,7818,Damian Resseguie,Pittsburgh Pirates,79,0,5,8,78.1,345,311,91,61,19,2,9,44,42,28,5,53,4,1,1,5,0,0,14,35,7,1294,71,89,11,4
Frank Digges Hou,13218,Frank Digges,Houston Astros,59,1,4,3,80,344,312,75,48,14,0,13,45,43,24,1,64,7,0,1,4,0,0,5,30,12,1267,89,80,13,2
Justus Joyner Bal,32578,Justus Joyner,Baltimore Orioles,72,0,4,6,82,344,304,69,43,11,2,13,34,30,33,4,99,6,0,1,2,1,0,7,34,12,1307,65,71,2,4
Bradon LeClercq Flo,31619,Bradon LeClercq,Florida Marlins,67,0,6,8,80,344,302,75,49,15,1,10,44,38,34,4,63,3,1,4,3,0,0,10,26,7,1246,84,77,4,2
Eduardo Fino San,36809,Eduardo Fino,San Diego Padres,15,15,2,6,76.2,342,302,78,45,15,2,16,58,51,36,0,68,2,1,1,0,0,0,6,0,0,1282,72,80,18,3
Toby Blarzino San,35642,Toby Blarzino,San Diego Padres,22,14,3,7,79.1,341,297,69,46,11,2,10,41,37,38,0,54,5,0,0,1,0,1,8,3,0,1261,78,92,2,2
Ron Tara St.,13344,Ron Tara,St. Louis Cardinals,45,1,3,0,79.2,340,307,81,49,20,3,9,41,38,26,0,66,2,0,4,5,1,1,9,39,17,1233,83,77,11,2
Benoît Desautels Min,20182,Benoît Desautels,Minnesota Twins,71,0,7,5,83.2,339,303,63,45,12,2,4,23,22,32,2,70,1,1,2,4,0,0,9,17,1,1242,80,91,3,0
Damien Starnes Mon,17057,Damien Starnes,Montreal Expos,66,0,3,6,77,336,307,80,58,12,0,10,32,32,25,3,64,3,0,1,2,0,0,1,26,6,1195,73,90,6,0
Jeremiah Hutson Oak,22222,Jeremiah Hutson,Oakland Athletics,13,13,4,5,72,335,292,87,65,15,1,6,50,48,36,0,58,4,0,3,5,1,0,6,0,0,1223,73,74,14,4
Jerónimo Flores Tex,31513,Jerónimo Flores,Texas Rangers,58,0,7,4,79.2,334,309,76,46,16,2,12,30,29,19,4,63,2,1,3,1,1,0,3,23,6,1184,71,100,5,3
Pablo Duque Los,8678,Pablo Duque,Los Angeles Dodgers,49,0,7,2,82.1,333,298,60,39,8,1,12,40,36,27,1,72,3,0,5,5,0,0,6,33,13,1286,58,110,9,1
Yonal Butron Col,24656,Yonal Butron,Colorado Rockies,47,0,6,4,71.1,329,292,94,64,17,0,13,60,51,34,1,61,0,0,3,1,0,0,9,29,4,1257,67,70,7,2
Will Metz New,21102,Will Metz,New York Mets,70,0,7,3,78.2,328,290,71,43,21,2,5,35,32,32,1,57,2,2,2,3,0,0,10,15,4,1232,82,83,2,1
Adán Rosado Chi,24437,Adán Rosado,Chicago Cubs,63,0,11,6,80,327,303,69,48,9,2,10,36,35,19,5,79,4,0,1,2,0,0,4,32,11,1249,75,80,2,0
Rob Alvarez New,8668,Rob Alvarez,New York Yankees,77,0,1,7,71.2,326,269,62,45,8,1,8,40,37,45,0,64,6,2,4,1,0,0,6,23,8,1286,69,74,6,2
Willy Barberis Chi,40512,Willy Barberis,Chicago White Sox,34,16,2,3,72.2,326,277,70,46,15,2,7,52,49,43,0,73,0,0,6,2,1,0,4,13,5,1273,59,79,7,3
Cody Pelly Bal,9500,Cody Pelly,Baltimore Orioles,14,14,7,3,77,323,288,66,52,6,2,6,32,30,31,0,69,1,0,3,5,0,0,5,0,0,1212,85,68,12,1
Dave Giza Oak,7613,Dave Giza,Oakland Athletics,60,0,1,0,72,322,272,67,45,17,0,5,30,26,40,2,62,6,0,4,5,0,0,6,38,15,1173,62,83,7,2
Rhyan McDonald Tam,27960,Rhyan McDonald,Tampa Bay Devil Rays,62,0,7,8,74.2,322,283,65,41,15,2,7,32,32,35,3,70,3,0,1,1,0,0,5,0,0,1202,55,92,3,1
Ethan Leavitt Was,18040,Ethan Leavitt,Washington Nationals,90,0,5,6,75.2,320,290,69,43,15,1,10,32,32,28,4,82,1,0,1,1,0,0,3,29,9,1203,70,68,8,1
Finley Marks Ana,8221,Finley Marks,Anaheim Angels,67,0,4,6,77.1,320,294,70,54,14,1,1,26,25,22,3,70,2,1,1,2,1,0,6,32,1,1196,77,75,2,2
Georgios Tzimopoulos New,35020,Georgios Tzimopoulos,New York Yankees,70,0,3,2,73,319,291,75,48,13,2,12,34,33,24,0,66,4,0,0,4,0,0,3,38,14,1197,59,87,9,0
Isaac Gumienny Sea,15961,Isaac Gumienny,Seattle Mariners,64,0,8,10,71.2,318,289,80,46,19,2,13,53,50,24,3,64,4,0,1,5,0,0,6,27,14,1190,67,75,4,1
Mike McCall Tor,9381,Mike McCall,Toronto Blue Jays,69,0,4,2,67.2,317,267,80,55,17,1,7,39,38,38,2,55,8,1,3,2,0,0,7,41,17,1151,74,59,8,2
Marlon McQueen Chi,20513,Marlon McQueen,Chicago White Sox,68,0,8,10,74.2,317,295,81,60,8,2,11,37,33,15,1,61,5,2,0,3,1,0,6,9,4,1158,80,72,1,0
Mário Fuentes New,22743,Mário Fuentes,New York Mets,59,0,10,2,79,316,285,56,43,9,0,4,23,20,27,3,90,2,0,2,7,0,0,5,39,7,1208,64,73,3,3
Giorgio Cafasso San,29588,Giorgio Cafasso,San Diego Padres,62,0,5,10,70,315,277,76,45,19,1,11,46,44,33,5,62,1,2,2,3,0,0,5,20,11,1191,66,75,6,1
Adrian Rivera Mon,7856,Adrian Rivera,Montreal Expos,59,0,7,1,70.1,315,284,84,54,18,2,10,49,45,19,0,69,6,0,6,6,0,0,4,34,6,1198,58,75,15,2
Erubiel Estrada San,31683,Erubiel Estrada,San Diego Padres,44,1,1,3,69.2,313,281,70,40,14,2,14,51,41,28,0,36,3,0,1,2,0,0,5,28,11,1070,69,99,5,0
Hudson Hoyle Mil,17138,Hudson Hoyle,Milwaukee Brewers,76,1,9,5,77,313,281,63,37,16,2,8,37,35,22,3,82,3,4,2,1,1,1,7,37,6,1204,77,64,6,0
Connor Oster Tor,14104,Connor Oster,Toronto Blue Jays,44,0,4,2,73.2,310,286,75,46,13,3,13,37,37,21,4,59,2,0,1,1,0,0,6,29,12,1090,75,77,4,2
Stew Betts Tex,16185,Stew Betts,Texas Rangers,60,0,6,3,74.1,307,275,56,41,9,1,5,20,17,27,1,75,2,1,2,3,0,0,2,36,8,1136,61,82,8,1
Timm Kersey Tam,21081,Timm Kersey,Tampa Bay Devil Rays,56,0,4,8,66.1,307,250,67,45,10,1,11,43,39,44,12,61,6,4,3,2,0,0,8,20,2,1126,60,67,5,1
Inocente Saldana Tex,8974,Inocente Saldana,Texas Rangers,13,13,4,2,69,306,270,72,50,10,1,11,39,33,26,1,63,6,2,2,1,0,0,3,0,0,1117,57,78,2,4
Dylan Burlingame Mon,9800,Dylan Burlingame,Montreal Expos,60,0,0,5,70.2,301,282,75,52,10,1,12,43,40,12,2,59,2,0,5,0,0,0,2,19,10,1081,65,86,7,1
Frank LeGrande Chi,24884,Frank LeGrande,Chicago Cubs,15,13,4,8,73.2,300,275,65,46,6,3,10,41,37,21,0,57,0,1,3,5,0,0,5,2,0,1086,77,77,7,1
Kip Mullins Kan,27166,Kip Mullins,Kansas City Monarchs,56,0,5,2,68.2,300,266,68,38,16,2,12,49,48,26,1,58,4,1,3,5,0,0,3,34,12,1120,64,78,12,2
Jody Cates Atl,28846,Jody Cates,Atlanta Hammers,52,0,4,7,64.1,299,274,92,67,17,2,6,44,41,19,1,43,1,0,5,5,0,0,5,29,15,1088,63,75,7,0
Dewey Fierro Flo,29010,Dewey Fierro,Florida Marlins,72,0,6,3,67.2,299,270,73,57,14,0,2,27,20,22,3,58,3,1,3,2,0,0,6,24,7,993,58,76,3,3
Danapati Pillai Bos,32346,Danapati Pillai,Boston Red Sox,37,0,2,0,65.2,299,264,73,54,14,0,5,34,28,26,0,29,5,1,3,1,1,0,7,24,4,1013,85,75,5,0
Liam Jones Atl,7082,Liam Jones,Atlanta Hammers,50,16,1,3,66.1,296,248,66,45,8,5,8,35,34,45,0,55,2,0,1,1,1,0,11,25,8,1121,65,63,6,1
Ben McNeil New,32741,Ben McNeil,New York Yankees,61,0,2,6,66.2,295,262,75,54,10,0,11,38,33,30,0,63,2,0,1,7,0,0,5,34,12,1136,56,64,8,6
Leighton Whiteside Min,30548,Leighton Whiteside,Minnesota Twins,27,7,1,2,69,295,268,70,43,14,1,12,29,29,22,0,60,3,1,1,1,1,0,5,8,6,1101,63,74,2,2
Brady Thompson New,13688,Brady Thompson,New York Yankees,39,0,4,1,64.1,293,241,60,38,13,1,8,31,30,43,0,64,6,1,2,4,0,0,6,28,13,1135,50,69,5,1
Ivan Villegas Phi,40029,Ivan Villegas,Philadelphia Phillies,68,0,8,3,70.2,292,261,57,42,12,2,1,19,17,31,1,61,0,0,0,1,0,0,7,19,2,1098,70,70,8,3
Noah Bodamer Oak,27968,Noah Bodamer,Oakland Athletics,39,0,0,2,64.1,291,267,87,48,19,1,19,51,50,18,0,45,3,0,3,1,0,0,10,23,10,1030,62,72,0,4
Jean Laroche San,12832,Jean Laroche,San Francisco Giants,48,0,5,4,64.2,291,255,72,46,9,6,11,30,29,26,1,59,5,1,4,5,0,0,4,35,15,1066,61,67,2,1
Dandre Rose Tam,24708,Dandre Rose,Tampa Bay Devil Rays,52,0,4,1,63.1,291,259,79,50,15,0,14,43,43,27,12,62,2,1,2,4,0,0,4,41,19,1012,61,59,10,2
Terry Skinner Tor,19096,Terry Skinner,Toronto Blue Jays,65,0,4,6,66.2,290,266,74,49,17,3,5,35,32,22,4,70,2,0,0,3,0,0,6,25,11,1092,60,59,4,2
Wendell Guntle Ana,16859,Wendell Guntle,Anaheim Angels,61,0,1,3,69.2,288,264,64,41,10,3,10,34,32,19,7,65,4,0,1,3,0,0,7,29,8,1079,55,80,9,1
Brandon Huard Chi,12593,Brandon Huard,Chicago White Sox,53,9,1,3,69,288,259,61,41,8,0,12,30,27,26,0,68,0,0,3,7,0,0,9,32,11,1102,57,69,3,1
Jack Mayfield Tex,9483,Jack Mayfield,Texas Rangers,39,0,2,1,64.2,288,262,76,49,14,1,12,38,33,22,2,64,3,0,1,0,0,0,4,29,12,1165,51,68,5,5
Nelson Brownfield Cle,35788,Nelson Brownfield,Cleveland Guardians,50,0,6,1,74,286,259,48,37,4,0,7,21,17,18,0,72,8,0,1,2,0,0,10,43,10,1033,47,90,1,2
Gunner Brubaker San,8983,Gunner Brubaker,San Francisco Giants,36,0,0,0,68.2,285,262,61,47,11,1,2,20,20,18,0,45,5,0,0,1,0,0,5,25,6,1021,67,86,2,2
Yohan Pérez Atl,34486,Yohan Pérez,Atlanta Hammers,60,0,3,6,65.2,285,255,70,40,19,3,8,40,40,26,3,56,0,1,3,2,0,0,5,25,10,1055,69,63,7,1
J.T. Klein Tam,30121,J.T. Klein,Tampa Bay Devil Rays,36,0,1,2,62.2,284,252,78,49,11,1,17,49,48,31,4,63,1,0,0,3,0,0,12,22,5,1097,52,57,6,2
Abdel Dion Flo,34292,Abdel Dion,Florida Marlins,55,0,4,2,62.2,283,234,53,41,7,0,5,28,23,42,1,60,3,0,4,5,1,0,5,32,17,1131,49,71,1,3
Dezi Perea Kan,34174,Dezi Perea,Kansas City Royals,57,0,4,6,65.2,283,248,58,37,11,0,10,25,23,34,0,61,0,0,1,6,1,0,4,8,4,1093,56,72,3,2
Lamont Trudell New,9785,Lamont Trudell,New York Mets,65,0,6,4,66.1,283,258,66,49,11,1,5,25,24,19,2,66,1,1,4,4,0,0,4,26,10,1055,67,62,9,1
Yeangel Estevez Ana,32393,Yeangel Estevez,Anaheim Angels,44,0,5,5,63.1,281,258,70,47,18,2,3,41,34,21,5,55,1,0,1,3,0,0,7,13,3,1020,69,58,10,1
George Lahr Col,27326,George Lahr,Colorado Rockies,50,0,7,3,65,281,255,63,38,14,3,8,27,22,21,2,64,2,0,2,0,0,1,4,21,8,1081,59,66,6,1
Abram Rodgers Hou,28529,Abram Rodgers,Houston Astros,69,0,5,4,65.2,280,264,74,52,18,0,4,28,26,13,0,73,0,0,3,1,0,0,5,59,19,1073,63,50,14,2
Elton Rew Tor,20263,Elton Rew,Toronto Blue Jays,54,0,4,2,69.1,278,252,52,31,10,3,8,19,18,21,2,51,2,1,2,2,0,0,4,18,8,1013,75,75,1,2
Rahimat Abu Nasim Hou,33580,Rahimat Abu Nasim,Houston Astros,60,0,4,6,64.1,275,242,60,34,16,2,8,32,30,26,3,60,4,0,3,1,0,0,7,36,10,1028,58,63,5,3
Francisco Calvillo New,18901,Francisco Calvillo,New York Mets,42,2,3,1,66,275,252,65,37,14,2,12,27,26,15,0,56,2,0,6,1,0,0,5,30,14,965,53,83,4,0
Ty Chambers Was,30088,Ty Chambers,Washington Nationals,56,0,6,3,64.2,274,248,63,43,14,1,5,37,29,18,1,64,2,1,5,3,0,0,3,22,6,1000,63,58,9,2
C.J. Draper Min,19721,C.J. Draper,Minnesota Twins,42,0,4,2,65,274,243,55,31,6,2,16,43,38,27,0,57,2,1,1,5,1,0,7,31,11,1064,63,64,10,3
Sterling Fortson Col,21357,Sterling Fortson,Colorado Rockies,39,0,1,1,65.2,274,250,57,33,11,4,9,33,27,17,0,52,4,0,3,2,0,0,4,28,11,979,67,73,5,0
Kenny Shirey Col,35140,Kenny Shirey,Colorado Rockies,54,0,7,7,61.1,274,240,66,46,8,3,9,31,29,29,0,61,2,1,2,0,0,0,6,28,12,1057,59,54,3,2
Coleman Switzer Sea,27774,Coleman Switzer,Seattle Mariners,65,0,10,7,63.2,274,244,63,38,9,1,15,43,37,23,2,62,3,1,3,2,1,0,8,19,6,1019,65,55,6,1
Carly Ellenberger Col,10364,Carly Ellenberger,Colorado Rockies,49,0,1,1,66.2,273,248,56,38,9,2,7,25,24,18,3,63,2,1,4,3,0,0,6,31,10,1036,70,61,4,0
Wade Colvin Tor,14816,Wade Colvin,Toronto Blue Jays,64,0,6,9,68.2,272,253,57,40,11,1,5,18,17,15,2,63,3,1,0,0,0,0,7,13,0,981,55,78,1,2
Jaxon Hein Atl,26092,Jaxon Hein,Atlanta Hammers,36,0,2,1,61,272,254,85,59,17,1,8,35,33,13,0,37,3,1,1,3,0,0,12,32,12,958,69,63,4,0
Ryder Holmer Kan,15747,Ryder Holmer,Kansas City Royals,62,0,5,7,62,272,246,65,37,14,2,12,37,33,22,1,64,1,1,2,0,0,0,2,20,8,1075,60,57,6,1
Mason Beam San,7096,Mason Beam,San Francisco Giants,62,0,5,3,69.2,270,247,49,33,10,1,5,21,20,21,2,87,2,0,0,2,0,0,8,31,4,1033,53,57,6,3
Luke Engle Was,6754,Luke Engle,Washington Nationals,62,0,5,1,65,270,245,58,33,11,4,10,28,25,18,1,74,4,0,3,2,0,0,4,34,13,1052,57,55,9,1
Thomas Harrington Ari,33540,Thomas Harrington,Arizona Diamondbacks,51,0,4,3,64.2,270,243,54,38,7,0,9,29,29,20,1,61,4,1,2,1,0,0,1,32,10,1014,53,76,11,2
Alberto Jiménez Bos,36167,Alberto Jiménez,Boston Red Sox,39,0,3,4,65,270,251,62,40,13,1,8,30,29,15,0,43,1,0,2,2,0,1,6,28,8,968,67,77,6,0
Arlo Orta Cle,30085,Arlo Orta,Cleveland Guardians,60,0,4,3,63,270,230,49,34,12,1,2,28,28,33,3,64,6,0,1,1,0,0,5,31,8,1010,46,71,10,2
Brodie Reveles Cin,27920,Brodie Reveles,Cincinnati Reds,57,0,5,6,60.2,270,230,61,46,7,0,8,33,31,32,1,49,5,0,3,3,2,0,4,33,11,1037,61,61,9,4
Will Philen Chi,13078,Will Philen,Chicago White Sox,12,6,3,1,64,269,235,59,40,14,0,5,26,25,27,0,37,4,1,1,2,1,1,10,5,2,1033,72,67,7,3
Julian Nigh Tex,28176,Julian Nigh,Texas Rangers,64,0,7,5,62.2,268,235,56,41,10,1,4,18,16,27,1,62,3,1,2,2,1,0,7,20,1,1019,52,66,4,0
Diogo Palomino Tex,17005,Diogo Palomino,Texas Rangers,67,0,4,6,65,268,236,45,29,12,1,3,23,21,30,10,48,1,0,1,3,2,0,4,32,7,979,75,66,3,0
Wayne Woods San,31049,Wayne Woods,San Francisco Giants,63,0,2,7,62,268,237,64,48,9,2,5,30,26,28,2,51,1,1,1,2,0,0,9,10,4,957,67,55,8,1
Adriel Couch San,7743,Adriel Couch,San Francisco Giants,47,4,4,3,62.1,267,237,55,36,8,3,8,35,31,22,0,52,5,1,2,2,0,0,3,25,5,982,62,68,5,2
Fernando Ortíz Cle,36311,Fernando Ortíz,Cleveland Guardians,40,0,4,2,60,267,239,70,45,13,1,11,33,29,24,0,53,2,0,2,2,0,0,8,33,14,1003,52,61,2,3
Jesse Beitzel Mon,26841,Jesse Beitzel,Montreal Expos,53,0,5,3,62,265,242,58,35,18,0,5,27,25,23,1,59,0,0,0,1,0,0,5,28,14,990,63,56,9,2
Gabriel Catalan Mon,41136,Gabriel Catalan,Montreal Expos,65,0,4,2,65.2,264,249,59,45,12,1,1,13,13,12,1,67,3,0,0,0,0,0,6,27,2,993,49,72,2,0
Jake Perdue Cle,17288,Jake Perdue,Cleveland Guardians,12,12,1,5,58.1,264,241,70,38,14,1,17,43,39,18,0,61,3,0,2,3,0,0,4,0,0,1004,52,56,6,0
Bill Struble Sea,14454,Bill Struble,Seattle Mariners,40,0,2,0,64,264,236,53,37,8,0,8,27,26,24,1,60,2,1,1,4,1,0,5,34,12,993,70,55,2,1
Elia Benedettini Det,6286,Elia Benedettini,Detroit Tigers,51,0,4,1,60,263,224,51,36,10,1,4,23,22,34,3,58,3,1,1,6,0,0,4,22,9,1028,64,51,3,2
Dickey Cook Tor,9705,Dickey Cook,Toronto Blue Jays,47,0,1,4,61.1,263,247,75,40,19,2,14,40,40,13,2,52,1,0,2,0,0,0,9,26,11,944,54,67,1,1
Dontrelle Pimble Sea,9710,Dontrelle Pimble,Seattle Mariners,49,0,3,1,54.2,263,225,71,47,13,2,9,35,33,34,2,48,1,0,3,2,0,0,5,37,17,1004,57,51,2,1
Seung-Yu Pil Cle,41130,Seung-Yu Pil,Cleveland Guardians,70,0,3,8,62.2,262,240,60,44,9,0,7,30,27,19,5,63,0,2,1,1,0,0,5,12,2,974,45,72,8,1
Martin Gustafson Chi,27475,Martin Gustafson,Chicago White Sox,12,12,4,4,60,261,227,51,40,6,0,5,35,31,28,0,51,1,2,3,7,0,0,2,0,0,962,49,78,3,0
Jonas Guzman Tor,21368,Jonas Guzman,Toronto Blue Jays,25,10,1,6,58,259,232,68,42,13,3,10,44,44,26,0,47,1,0,0,1,0,0,9,6,4,918,67,50,4,1
Jervaise Barnwell Oak,9169,Jervaise Barnwell,Oakland Athletics,51,0,6,5,59.2,258,226,55,33,11,2,9,33,31,25,4,64,3,0,4,3,2,0,4,24,8,1021,54,56,6,0
Seaton Beard Cle,25017,Seaton Beard,Cleveland Guardians,48,0,3,1,59.1,258,233,59,37,15,1,6,30,26,19,1,61,3,0,3,2,0,0,5,35,14,965,52,58,3,2
Payton Wald Pit,13738,Payton Wald,Pittsburgh Pirates,39,4,7,1,63.2,258,231,48,34,7,0,7,23,22,22,1,69,2,0,3,3,2,0,3,32,6,1022,50,65,8,2
Dylan Buonomo San,35784,Dylan Buonomo,San Francisco Giants,36,1,2,2,59,257,225,58,33,11,0,14,34,33,29,0,60,2,0,1,3,0,0,7,23,5,1012,43,64,5,3
Gil Horne St.,8721,Gil Horne,St. Louis Cardinals,31,0,3,0,58,257,226,62,35,16,4,7,35,31,22,0,41,3,0,6,12,0,0,6,29,11,891,66,60,5,0
Declan Huber Cin,12541,Declan Huber,Cincinnati Reds,24,2,3,0,62,257,242,63,35,8,5,15,39,36,12,0,40,2,0,1,1,0,0,8,12,3,925,66,71,3,0
Ronald Mueller St.,13627,Ronald Mueller,St. Louis Cardinals,11,11,1,8,54,256,222,65,31,17,3,14,48,44,28,0,39,1,1,4,2,1,0,0,0,0,912,45,74,7,1
Pete Napier Ana,14930,Pete Napier,Anaheim Angels,40,0,2,2,58,256,228,60,42,12,0,6,32,30,23,2,48,5,0,0,5,0,0,5,24,4,958,54,62,8,3
Jimmy Kalani Was,14117,Jimmy Kalani,Washington Nationals,35,0,1,2,59.1,255,231,58,41,9,1,7,24,22,21,3,46,0,0,3,4,1,0,4,31,9,980,51,75,11,2
A.J. Sawai Pit,23850,A.J. Sawai,Pittsburgh Pirates,13,10,3,3,57.2,255,220,60,45,3,0,12,29,29,30,0,43,3,1,1,2,1,0,5,1,1,948,64,55,2,3
Miguel Martínez Ana,5364,Miguel Martínez,Anaheim Angels,57,0,6,2,54.1,251,207,49,30,12,1,6,31,29,41,9,55,0,0,3,3,0,0,3,17,2,943,43,61,9,0
Rodney Swain Pit,24649,Rodney Swain,Pittsburgh Pirates,55,0,2,3,57,251,216,55,38,10,1,6,31,31,27,7,48,4,3,1,0,0,0,5,23,8,924,60,57,9,1
Camron Bollinger New,29413,Camron Bollinger,New York Mets,62,0,5,5,63.1,250,235,49,29,13,1,6,24,23,14,2,53,0,0,1,1,2,0,4,18,3,909,66,66,2,1
Tomás Linares Cin,22989,Tomás Linares,Cincinnati Reds,48,0,4,2,57.1,248,226,62,39,10,0,13,31,30,19,1,58,2,0,1,3,0,0,5,20,8,911,35,72,8,1
Coleman Bazin Phi,14060,Coleman Bazin,Philadelphia Phillies,47,0,1,2,57,246,221,57,33,17,0,7,36,36,20,0,54,2,1,2,4,2,0,3,26,8,917,55,58,5,0
Alejandro Fuentes Atl,40543,Alejandro Fuentes,Atlanta Hammers,54,0,2,3,53.1,245,220,62,39,12,4,7,39,37,23,1,51,0,0,2,3,0,0,2,30,9,918,49,56,8,1
Aaron Heifetz Atl,11410,Aaron Heifetz,Atlanta Hammers,43,0,4,5,57.1,245,219,53,35,9,2,7,22,21,24,1,67,0,1,1,1,0,0,4,17,6,981,59,40,8,0
Hunter Tremper Min,23770,Hunter Tremper,Minnesota Twins,57,5,6,1,59,245,232,66,49,7,1,9,28,25,11,1,54,1,0,1,0,0,0,7,14,2,912,52,59,1,2
Gi-Beom Jeon Mil,1112,Gi-Beom Jeon,Milwaukee Brewers,50,0,3,2,59,244,221,46,25,10,2,9,25,24,22,0,54,1,0,0,1,0,0,2,28,11,936,58,62,5,0
Donovan Eissler St.,7052,Donovan Eissler,St. Louis Cardinals,41,0,4,1,54.1,243,221,64,41,12,2,9,30,27,15,0,50,5,0,2,0,0,0,1,31,7,859,49,59,7,3
Eber Jiménez Chi,34526,Eber Jiménez,Chicago White Sox,37,0,5,1,52.1,240,213,65,43,14,0,8,41,40,22,1,47,1,2,2,3,0,0,3,14,4,896,48,55,4,2
J.R. Parisher Min,9495,J.R. Parisher,Minnesota Twins,45,0,3,4,53.1,237,211,57,34,12,1,10,33,32,20,0,49,3,1,2,0,0,0,2,17,5,864,47,60,3,0
Gilbert Hwan Ana,14368,Gilbert Hwan,Anaheim Angels,65,0,2,2,54,236,210,55,38,8,1,8,24,24,21,6,64,1,1,3,7,1,0,3,48,24,893,29,65,6,0
Todd McElrath Oak,23008,Todd McElrath,Oakland Athletics,59,0,3,11,52,234,212,62,45,8,0,9,33,33,19,1,52,1,0,2,2,0,0,3,10,4,870,54,46,1,0
Rico Cadavid Cin,34543,Rico Cadavid,Cincinnati Reds,22,9,0,1,57,230,201,45,30,6,0,9,25,25,26,0,42,0,1,2,3,0,0,7,14,8,903,65,52,7,1
Cadman Reeder Pit,26458,Cadman Reeder,Pittsburgh Pirates,57,0,2,6,54.2,230,211,64,38,14,1,11,38,36,12,1,46,3,1,3,3,0,0,8,28,10,841,48,56,3,1
Tristan Hrdina Bal,14033,Tristan Hrdina,Baltimore Orioles,55,0,4,4,51.1,229,199,50,24,12,2,12,39,38,24,2,48,4,0,2,0,0,0,4,35,12,892,51,50,2,0
Barry Perdomo Tam,40777,Barry Perdomo,Tampa Bay Devil Rays,48,0,4,1,49.2,229,189,46,31,8,1,6,20,20,39,6,55,1,0,0,1,0,0,4,26,9,863,37,49,4,1
Jason Samarin San,16588,Jason Samarin,San Francisco Giants,56,0,4,1,53,229,205,44,24,6,1,13,32,28,18,0,43,6,0,0,0,0,0,2,23,6,860,39,75,4,0
Hudson Haught Ari,18515,Hudson Haught,Arizona Diamondbacks,48,2,3,1,49,226,201,62,43,12,1,6,25,24,23,1,42,1,0,1,4,1,0,2,22,4,894,48,49,4,1
Chuck Kessinger Sea,6772,Chuck Kessinger,Seattle Mariners,45,0,5,4,53.2,226,199,48,31,8,1,8,24,24,22,4,49,3,1,1,0,1,0,7,17,4,827,43,60,3,0
Ethan Schubert Tex,20518,Ethan Schubert,Texas Rangers,54,0,4,0,52.2,226,196,43,28,7,0,8,17,17,28,3,45,1,0,1,2,0,0,4,27,5,851,57,51,3,1
Hiram Gonzalez Cin,34384,Hiram Gonzalez,Cincinnati Reds,57,0,3,3,52.1,225,201,47,35,6,1,5,23,19,22,1,57,2,0,0,2,1,0,4,15,3,898,47,46,10,1
Aaron Thornbrue Atl,8288,Aaron Thornbrue,Atlanta Hammers,47,16,0,2,49.2,225,203,59,37,13,1,8,34,34,16,0,43,2,1,3,3,1,0,1,13,7,797,50,54,2,0
Vince Cosentino Bal,36756,Vince Cosentino,Baltimore Orioles,53,0,3,3,52.2,224,206,49,28,9,0,12,30,29,16,1,53,0,0,2,2,0,0,3,31,11,866,47,55,10,0
Johnny Due Cin,21387,Johnny Due,Cincinnati Reds,53,0,4,2,53.1,224,199,45,30,13,0,2,16,14,21,1,47,2,0,2,1,0,0,5,31,8,844,35,72,3,1
Todd Dvorak Hou,26581,Todd Dvorak,Houston Astros,29,0,2,2,51,224,203,53,32,9,2,10,30,27,17,1,40,1,0,3,0,0,0,3,21,5,800,40,69,7,0
Sydney Homani Bos,36602,Sydney Homani,Boston Red Sox,49,0,3,3,52,222,191,45,29,10,0,6,27,26,27,4,49,1,1,2,4,2,0,7,30,16,835,40,58,9,1
Karson Kovarik New,15863,Karson Kovarik,New York Yankees,67,0,5,3,51.1,222,195,46,33,8,1,4,24,21,23,0,43,3,1,0,3,0,0,6,32,7,861,55,49,7,1
E.J. Sharp Cin,24438,E.J. Sharp,Cincinnati Reds,10,10,4,4,54,222,198,47,32,8,2,5,17,15,20,0,40,0,3,1,0,1,0,6,0,0,832,61,52,5,2
Patton Fontanez St.,19185,Patton Fontanez,St. Louis Cardinals,42,0,1,5,49,221,199,57,33,17,3,4,28,28,19,1,43,2,0,1,0,0,0,2,26,7,804,47,52,6,0
Hoyt Stickles San,16198,Hoyt Stickles,San Diego Padres,31,0,1,1,46,221,186,51,26,10,1,14,42,42,33,0,40,2,0,0,2,0,0,2,16,4,839,36,59,9,1
Gregory Watters Chi,39655,Gregory Watters,Chicago White Sox,46,0,2,1,51.1,221,209,55,35,8,1,11,27,27,11,2,34,1,0,0,0,0,0,2,20,6,796,48,68,7,0
Wesley Heeringa Mil,30058,Wesley Heeringa,Milwaukee Brewers,53,3,3,3,54,220,197,43,31,7,0,5,25,22,18,0,46,3,0,2,1,0,0,8,41,9,832,62,45,8,2
L.T. D'Onofrio Min,5630,L.T. D'Onofrio,Minnesota Twins,53,3,1,3,51.1,219,201,53,26,15,0,12,34,29,14,0,51,3,1,0,4,1,0,6,29,8,810,41,52,2,2
Albino Vence Ari,23412,Albino Vence,Arizona Diamondbacks,57,0,3,3,52,216,195,53,35,9,2,7,16,16,15,0,53,3,0,3,1,0,0,7,30,10,836,40,51,3,3
Luke Coffie Sea,12182,Luke Coffie,Seattle Mariners,49,3,4,2,51.1,215,198,51,33,6,2,10,29,27,14,1,55,0,0,3,3,1,0,1,27,8,805,32,63,5,1
Jake Condado Hou,9210,Jake Condado,Houston Astros,40,0,3,1,53.1,214,198,43,26,9,0,8,18,16,15,0,41,1,0,0,4,1,0,5,22,5,817,52,61,0,0
Randy Cudiamat New,7902,Randy Cudiamat,New York Mets,44,0,2,2,46,212,191,62,38,17,2,5,34,33,17,0,25,4,0,0,1,0,0,5,20,5,770,54,49,2,2
Kingston Gutierrez Sea,9622,Kingston Gutierrez,Seattle Mariners,32,0,2,1,48.1,211,185,49,29,13,1,6,26,24,22,0,44,1,0,3,1,1,0,7,24,11,829,45,48,4,1
Isaiah Peters Kan,13404,Isaiah Peters,Kansas City Monarchs,9,9,1,5,44,211,185,60,42,9,3,6,41,41,23,0,30,2,0,1,2,0,0,1,0,0,820,42,53,5,3
T.J. Mojarro Ana,29343,T.J. Mojarro,Anaheim Angels,26,0,5,0,52.1,210,200,45,22,9,2,12,23,22,10,0,43,0,0,0,0,0,0,3,21,5,848,55,55,6,1
Cortez González Min,27404,Cortez González,Minnesota Twins,32,0,4,0,52,209,196,46,29,9,0,8,19,19,10,0,27,2,0,1,1,0,0,5,26,8,753,52,69,3,1
Dylan Hebert Col,16280,Dylan Hebert,Colorado Rockies,40,0,2,2,43.1,205,184,60,35,14,1,10,31,29,16,1,46,2,1,2,1,0,0,4,22,12,744,29,49,6,0
Harrison Dadian Was,39624,Harrison Dadian,Washington Nationals,28,0,5,1,48,204,183,45,33,5,2,5,19,19,16,0,49,1,0,4,2,0,0,4,26,3,760,38,52,2,0
Chih-Hao Chung Chi,34551,Chih-Hao Chung,Chicago White Sox,13,9,2,5,42.1,202,175,56,40,8,0,8,33,31,20,0,30,1,2,4,4,0,0,3,2,2,713,35,57,4,1
Joaquin Hysquierdo New,35654,Joaquin Hysquierdo,New York Mets,48,27,1,2,47.2,202,182,45,25,13,2,5,20,19,19,0,51,0,1,0,3,1,0,5,11,2,782,33,52,3,2
Lanny Zapien Bal,4775,Lanny Zapien,Baltimore Orioles,33,0,0,1,41.2,198,167,48,30,10,1,7,30,30,28,0,35,1,0,2,2,0,0,3,29,16,777,42,43,7,0
Keith McMillan Det,22598,Keith McMillan,Detroit Tigers,38,0,2,1,46.1,197,176,43,30,8,0,5,17,17,17,4,45,2,1,1,0,0,0,3,20,4,719,38,50,6,1
Rayman Aponte Bos,33635,Rayman Aponte,Boston Red Sox,12,8,0,6,44,196,175,48,30,10,1,7,28,25,16,0,38,1,1,3,2,1,0,1,4,0,730,41,49,4,0
Coby Nugent Tex,25832,Coby Nugent,Texas Rangers,50,0,4,2,46.2,189,170,38,30,5,0,3,9,9,15,4,47,0,1,3,2,0,0,2,33,10,686,37,51,3,1
Julian Wiepert San,5767,Julian Wiepert,San Diego Padres,51,0,4,1,41.1,188,172,58,38,11,1,8,29,29,12,1,33,2,1,1,2,0,0,3,26,7,701,36,46,7,3
Tyler Cox Kan,27415,Tyler Cox,Kansas City Monarchs,42,0,1,2,39,187,171,62,42,10,3,7,30,30,14,1,27,1,0,1,1,0,0,5,16,8,716,41,38,3,2
Jim Hammond Kan,27815,Jim Hammond,Kansas City Monarchs,42,0,2,4,46.2,187,171,35,23,8,1,3,17,16,11,0,34,1,0,4,1,0,0,1,16,5,675,53,51,4,0
Zach Bean Mon,30513,Zach Bean,Montreal Expos,8,8,3,2,40.2,183,159,44,28,12,0,4,23,21,21,0,35,1,0,2,2,0,0,4,0,0,707,46,35,9,0
Adam Rice Phi,27284,Adam Rice,Philadelphia Phillies,45,0,1,4,39.2,183,162,47,38,2,0,7,25,22,17,1,43,1,2,1,1,0,0,5,28,13,669,40,31,2,0
Terrell Kurdyla Ana,20711,Terrell Kurdyla,Anaheim Angels,43,0,0,0,45,181,161,34,23,6,0,5,13,13,20,2,44,0,0,0,1,0,0,5,28,2,731,45,36,1,3
Levi Bearden Pit,30231,Levi Bearden,Pittsburgh Pirates,32,1,3,0,44.1,180,165,33,19,8,0,6,18,16,15,0,40,0,0,0,3,0,0,2,29,9,703,38,51,9,1
Freddy Troxell Det,21107,Freddy Troxell,Detroit Tigers,17,4,2,1,44,180,163,38,27,7,0,4,17,15,15,0,42,1,1,0,1,0,0,3,7,2,674,37,46,2,1
Emanuel Chien St.,25018,Emanuel Chien,St. Louis Cardinals,36,0,2,5,39.2,179,171,57,33,15,3,6,27,26,5,0,35,1,0,2,3,0,0,2,28,12,659,36,44,2,0
Jay Egly Cle,13648,Jay Egly,Cleveland Guardians,31,0,2,2,43.2,179,166,41,26,9,0,6,23,21,11,1,37,1,0,1,0,0,0,3,25,3,643,45,43,3,1
Jace Manjarin Oak,34994,Jace Manjarin,Oakland Athletics,33,0,0,0,36.2,177,152,42,21,5,0,16,29,29,21,1,43,3,0,1,2,0,0,0,23,10,691,29,38,7,0
Damarco Paradis Chi,24874,Damarco Paradis,Chicago Cubs,46,0,4,2,44,176,157,33,21,6,0,6,17,15,17,1,35,0,0,2,4,0,0,6,29,6,647,46,42,7,1
Conner Chambers Tex,17254,Conner Chambers,Texas Rangers,34,0,4,1,41.1,175,148,26,15,2,1,8,21,21,26,2,32,1,0,0,6,0,0,1,22,5,655,40,49,2,1
Zach Steinly Kan,7395,Zach Steinly,Kansas City Monarchs,37,0,1,1,37.2,175,143,34,22,8,0,4,18,18,26,1,40,6,0,0,5,2,0,4,19,2,685,37,31,3,1
Barnard Dorminy Atl,20287,Barnard Dorminy,Atlanta Hammers,37,0,2,4,38.1,174,154,44,27,7,1,9,25,25,16,1,29,2,1,1,1,1,0,0,14,7,639,33,50,6,1
Nolan Peticca Hou,12933,Nolan Peticca,Houston Astros,37,0,1,0,46,173,160,30,17,8,0,5,17,15,10,0,50,2,0,1,2,0,0,7,22,5,665,38,42,2,0
Levi Birckhead Hou,6815,Levi Birckhead,Houston Astros,27,3,0,2,33.1,169,145,46,29,6,3,8,26,25,19,0,46,5,0,0,2,0,0,2,13,3,647,27,23,3,1
John Schneider New,38285,John Schneider,New York Yankees,39,0,0,0,37.2,166,146,34,21,7,0,6,19,19,18,0,32,0,1,1,0,0,0,1,25,9,649,40,41,3,0
Luciano Longo Pit,13065,Luciano Longo,Pittsburgh Pirates,42,0,2,4,42.1,165,154,27,15,10,0,2,10,8,9,3,40,2,0,0,3,1,0,3,24,9,616,39,45,2,0
Julian Niemann Min,17318,Julian Niemann,Minnesota Twins,22,1,0,1,39.2,161,144,30,17,6,1,6,17,17,12,0,40,3,1,1,0,1,0,2,9,1,611,35,40,1,0
Walker Thompson New,33557,Walker Thompson,New York Yankees,24,1,0,1,33.1,161,134,37,23,6,0,8,28,24,24,0,25,2,0,1,0,1,0,3,15,5,638,33,38,8,1
Justin Dayer Ana,25075,Justin Dayer,Anaheim Angels,21,0,1,0,33.1,159,141,44,27,8,0,9,26,24,15,0,25,1,0,2,1,0,0,1,17,5,549,34,37,2,2
Brian Mayweather Bos,32757,Brian Mayweather,Boston Red Sox,18,2,1,3,32.1,158,133,44,34,4,2,4,36,33,20,1,29,0,1,4,3,1,0,1,6,2,599,29,34,1,2
Matías Ortega St.,25394,Matías Ortega,St. Louis Cardinals,23,0,1,1,35.2,158,149,44,26,8,3,7,21,19,8,0,30,1,0,0,1,0,0,2,15,6,568,38,35,7,1
Enzo Salazar Det,36041,Enzo Salazar,Detroit Tigers,27,0,1,0,39.2,158,152,37,22,9,1,5,12,12,5,0,37,0,1,0,1,0,0,4,19,9,578,36,41,0,0
Logan Castle Tam,27472,Logan Castle,Tampa Bay Devil Rays,26,0,0,0,37.1,156,138,34,20,8,1,5,14,14,13,4,37,1,1,3,1,0,0,4,14,7,548,25,46,0,0
J.R. McClendon Tor,30945,J.R. McClendon,Toronto Blue Jays,30,0,1,3,37,156,140,39,28,5,0,6,28,27,11,1,16,3,0,2,3,0,0,5,23,4,579,45,41,6,2
John Keen Col,1612,John Keen,Colorado Rockies,26,0,1,3,34.1,155,143,45,21,9,0,15,31,30,11,0,27,1,0,0,0,0,0,4,18,6,566,26,43,1,0
Carlos Sossa Chi,26107,Carlos Sossa,Chicago White Sox,19,7,1,0,33.2,154,134,39,25,5,1,8,27,25,17,0,27,1,0,2,2,0,0,4,7,1,591,33,36,4,1
Steve Howington Oak,6780,Steve Howington,Oakland Athletics,30,0,3,1,36,152,133,31,19,4,0,8,17,17,18,1,40,0,1,0,1,1,0,5,18,5,594,28,33,2,0
Scott Esnault Tok,24334,Scott Esnault,Tokyo Jaguars,23,0,1,0,35,151,136,36,21,11,0,4,21,18,14,2,31,0,0,1,2,1,0,1,17,5,564,34,35,3,0
Kip Warzecha Bos,29462,Kip Warzecha,Boston Red Sox,33,0,2,1,35.1,150,137,37,23,9,2,3,16,16,12,5,28,0,1,0,0,0,0,3,18,3,509,42,30,6,1
Edgar Civitarese Kan,6008,Edgar Civitarese,Kansas City Royals,35,0,1,0,38.2,149,142,28,19,2,1,6,12,10,5,0,47,2,0,0,3,0,0,1,23,5,553,30,35,2,0
Max Lombardi Kan,30010,Max Lombardi,Kansas City Monarchs,52,0,1,1,37.2,147,127,19,10,5,0,4,7,7,18,1,36,1,1,0,2,0,0,3,39,4,557,35,38,3,0
Mike Conover Chi,28569,Mike Conover,Chicago Cubs,19,0,2,0,32.2,133,126,31,20,6,0,5,13,13,5,1,17,0,1,1,0,0,0,2,14,2,451,44,34,0,0
Kendall Sponseller Sap,31756,Kendall Sponseller,Sapporo Bruisers,8,4,3,3,26.2,133,120,44,29,12,0,3,18,18,10,0,25,1,1,1,1,0,0,2,2,0,474,35,18,2,0
Tim Wingate Ana,15148,Tim Wingate,Anaheim Angels,6,4,2,0,30.2,130,121,32,22,6,0,4,11,11,9,0,32,0,0,0,4,0,0,1,1,0,479,25,31,0,2
Jordan Beecher Min,14744,Jordan Beecher,Minnesota Twins,26,0,2,1,25,128,112,40,23,7,2,8,29,24,15,1,31,0,1,0,2,0,0,2,17,4,462,25,15,3,1
Eddie McCully Tor,9257,Eddie McCully,Toronto Blue Jays,6,6,4,2,32,126,110,20,16,0,0,4,12,12,12,0,33,4,0,0,1,0,0,6,0,0,499,26,31,3,0
Aydin Guerron Chi,8632,Aydin Guerron,Chicago Cubs,15,0,0,2,24.2,125,103,33,21,7,2,3,20,19,19,3,25,2,1,0,2,0,0,1,6,2,460,20,25,3,0
Ethan Hinckley San,13705,Ethan Hinckley,San Diego Padres,28,0,2,1,28,125,104,22,12,5,0,5,17,17,20,1,30,1,0,0,1,0,0,0,17,5,457,30,22,0,1
Frazier Tarpley Ari,20653,Frazier Tarpley,Arizona Diamondbacks,18,0,2,0,30,123,115,29,18,5,1,5,12,12,7,0,25,1,0,0,0,0,0,3,5,1,445,28,32,2,1
Ryan Agostino New,6546,Ryan Agostino,New York Yankees,25,0,1,1,29.2,122,114,25,14,7,2,2,8,7,6,0,33,2,0,0,2,0,0,0,9,4,449,28,26,2,2
Charlie Koepsell San,19175,Charlie Koepsell,San Diego Padres,17,0,1,2,26.1,121,100,23,16,2,0,5,22,15,18,1,20,2,0,1,0,0,0,4,10,4,423,23,31,0,0
Willis Reynolds Tam,27938,Willis Reynolds,Tampa Bay Devil Rays,24,0,3,0,28.1,118,106,26,16,7,0,3,15,14,12,3,18,0,0,0,0,0,0,4,24,2,421,26,34,3,0
Scott Sheppard Pit,29400,Scott Sheppard,Pittsburgh Pirates,19,0,0,2,28.1,118,105,29,19,6,1,3,15,14,8,1,22,2,1,2,1,0,0,4,13,5,468,28,28,2,3
Naldo Aldana Col,28959,Naldo Aldana,Colorado Rockies,6,6,1,4,27.1,117,106,27,11,5,0,11,23,23,10,0,26,0,0,1,1,0,0,2,0,0,446,29,25,1,0
Myron Wall Cle,31334,Myron Wall,Cleveland Guardians,5,5,1,2,28.2,116,110,27,16,5,1,5,14,14,6,0,31,0,0,0,1,0,0,2,0,0,452,21,30,0,2
Montez Melendez New,4755,Montez Melendez,New York Yankees,16,0,0,1,27,115,99,23,17,3,1,2,13,13,15,0,22,0,0,1,2,0,0,2,15,3,468,33,22,1,0
Cloyd Rennell Cle,32085,Cloyd Rennell,Cleveland Guardians,20,1,0,1,23.1,111,94,29,21,4,0,4,23,18,13,2,17,2,0,2,1,0,0,2,8,1,392,19,30,4,2
Antonin Fernandez Det,33162,Antonin Fernandez,Detroit Tigers,24,0,3,1,22.2,105,92,29,21,5,0,3,11,11,12,1,20,0,0,1,1,0,0,1,8,3,381,18,26,4,0
Lonnie Koenig St.,14418,Lonnie Koenig,St. Louis Cardinals,16,0,1,2,24,103,90,23,15,6,0,2,13,13,8,0,22,2,0,3,0,0,0,1,5,0,377,21,27,1,1
Neil Siddle Min,14311,Neil Siddle,Minnesota Twins,22,0,1,6,21.2,97,89,28,16,5,0,7,16,16,5,0,28,2,0,1,2,0,0,2,17,8,365,17,17,1,1
Matías Cobos Tex,32892,Matías Cobos,Texas Rangers,5,5,2,0,21,96,86,23,17,5,0,1,7,6,8,0,16,2,0,0,0,0,0,1,0,0,351,19,27,1,0
Oscar Banos Ana,40627,Oscar Banos,Anaheim Angels,16,0,0,2,20.2,94,80,21,14,4,1,2,11,11,12,0,31,0,0,2,1,0,0,1,10,2,346,14,16,3,1
Brayden Campos Pit,29122,Brayden Campos,Pittsburgh Pirates,22,0,1,2,20.1,93,80,22,11,7,1,3,15,15,11,1,16,1,0,1,1,0,0,0,7,3,377,18,25,2,1
Zeto Ramírez Tam,33241,Zeto Ramírez,Tampa Bay Devil Rays,4,4,2,0,21.1,92,84,22,14,4,1,3,7,7,7,0,21,0,0,1,0,0,0,1,0,0,351,16,25,3,1
Nat Bowles Kan,27353,Nat Bowles,Kansas City Monarchs,28,0,1,0,21,91,80,21,12,5,2,2,15,15,10,0,18,1,0,0,1,0,0,0,21,7,344,18,23,4,3
Jared Malett Tam,32908,Jared Malett,Tampa Bay Devil Rays,4,4,2,1,18.1,90,82,27,18,4,1,4,15,14,7,2,15,1,0,0,1,0,0,1,0,0,333,22,17,2,0
Marconi Ortega Mil,40495,Marconi Ortega,Milwaukee Brewers,6,4,1,1,20.2,90,81,21,11,7,0,3,9,9,9,0,18,0,0,0,1,0,0,1,1,0,324,25,17,3,1
Simon Sangster Los,19044,Simon Sangster,Los Angeles Dodgers,17,0,1,1,22,89,83,21,18,1,0,2,4,4,6,0,20,0,0,0,1,1,0,2,15,3,343,21,20,2,2
Ryan Platner Ari,14858,Ryan Platner,Arizona Diamondbacks,13,0,2,0,19.1,88,81,25,14,3,1,7,18,17,6,0,15,0,0,1,0,0,0,2,10,0,326,13,27,0,0
Yong-Jun Cho Cin,33186,Yong-Jun Cho,Cincinnati Reds,4,4,1,2,18,84,77,24,17,3,1,3,15,12,7,0,14,0,0,0,2,0,0,2,0,0,319,21,16,3,1
Thurston Gnau Pit,7314,Thurston Gnau,Pittsburgh Pirates,4,3,1,0,18.1,84,71,20,13,3,2,2,12,11,12,0,12,0,1,0,1,0,0,2,1,0,332,18,22,4,1
K.J. Dufrene Col,33573,K.J. Dufrene,Colorado Rockies,16,0,2,0,17.1,83,75,25,13,7,0,5,19,18,6,0,20,2,0,0,2,0,0,1,10,3,308,11,18,2,1
Jensen Sing Bal,38621,Jensen Sing,Baltimore Orioles,19,0,1,0,17,83,68,20,12,4,1,3,18,18,10,0,18,2,0,3,3,0,0,1,13,4,326,10,22,1,0
Gerardo Gamez Ana,4716,Gerardo Gamez,Anaheim Angels,9,0,1,2,16,80,68,25,16,4,1,4,20,20,10,1,5,1,0,1,2,0,0,3,10,4,254,22,17,1,0
Adán Mustacchio Ana,34554,Adán Mustacchio,Anaheim Angels,11,0,0,0,18.1,77,66,12,9,1,0,2,7,7,11,0,18,0,0,0,2,0,0,2,7,3,304,12,23,0,0
George Peters Los,33290,George Peters,Los Angeles Dodgers,33,0,1,0,19.1,77,73,20,13,6,0,1,7,7,1,0,14,2,0,1,0,0,0,2,15,2,270,24,16,2,0
Ivan Zamora Det,31199,Ivan Zamora,Detroit Tigers,9,0,0,1,16.1,75,71,24,18,4,0,2,12,10,3,1,10,0,0,1,2,0,0,1,2,0,269,16,21,1,0
Gavino Alvarez -,12678,Gavino Alvarez,-,14,0,1,1,16.2,74,71,22,17,3,1,1,6,5,3,1,15,0,0,0,0,0,0,2,9,3,278,18,15,1,0
Kaike Carvalho Kan,34116,Kaike Carvalho,Kansas City Monarchs,10,0,1,0,18.1,73,64,12,9,2,0,1,10,8,8,0,14,0,0,1,0,0,0,3,6,1,280,17,21,0,0
Rudy Senteildis Mil,20555,Rudy Senteildis,Milwaukee Brewers,17,0,0,0,17,70,66,16,8,5,1,2,6,5,3,0,13,1,0,0,0,0,0,3,8,3,249,16,18,2,0
Dylan Bahadur New,23010,Dylan Bahadur,New York Mets,11,0,0,1,16.2,69,62,14,8,2,0,4,11,11,7,0,13,0,0,0,1,1,0,2,10,3,248,17,18,0,0
Dorian Turgeon Bos,34944,Dorian Turgeon,Boston Red Sox,8,0,0,0,14.2,69,57,14,7,2,0,5,13,10,10,0,12,2,0,0,2,0,0,0,6,3,273,12,19,2,0
Jaxon Brewer Hou,30119,Jaxon Brewer,Houston Astros,11,0,0,0,16.2,62,57,8,3,1,0,4,9,9,4,0,8,1,0,0,0,0,0,0,7,2,207,24,17,2,1
Grady Antrim Los,40071,Grady Antrim,Los Angeles Dodgers,9,1,0,1,12,61,52,15,11,3,0,1,10,7,7,0,12,1,0,1,1,0,0,0,4,1,247,6,19,0,0
Morland Bielek Col,32422,Morland Bielek,Colorado Rockies,9,0,0,0,11.2,59,51,16,8,4,2,2,12,12,8,0,10,0,0,0,1,0,0,0,9,6,227,9,16,0,0
Max Hughes St.,32734,Max Hughes,St. Louis Cardinals,6,0,0,0,10.1,59,49,19,12,5,0,2,12,12,8,0,8,1,0,1,0,1,0,1,3,3,207,8,14,2,0
Levi Mezyk Mil,31628,Levi Mezyk,Milwaukee Brewers,13,0,0,2,13,59,52,13,7,1,1,4,12,12,7,0,11,0,0,0,0,0,0,0,6,0,204,12,16,2,0
Pasquale Botten Sea,17247,Pasquale Botten,Seattle Mariners,12,0,1,1,12.2,58,48,13,7,3,0,3,9,9,7,0,17,2,0,0,2,0,1,1,8,2,234,7,11,0,1
Kip Cunningham San,36750,Kip Cunningham,San Diego Padres,15,0,1,1,14.1,58,52,11,7,4,0,0,3,3,6,0,12,0,0,0,0,0,0,2,9,4,210,17,12,2,0
Denzel McCready Mil,26102,Denzel McCready,Milwaukee Brewers,13,0,1,0,13.1,56,49,13,8,2,1,2,7,7,6,0,11,1,0,0,0,0,0,3,7,2,222,14,11,1,1
Caiden Bauer Kan,38445,Caiden Bauer,Kansas City Monarchs,10,0,0,3,10.2,55,46,17,9,4,0,4,11,11,7,1,10,1,0,1,0,0,0,1,3,2,201,12,8,2,0
Tom Kubacki Tor,28063,Tom Kubacki,Toronto Blue Jays,10,0,0,0,13,54,48,10,7,2,0,1,6,6,4,0,12,2,0,0,1,0,0,1,6,0,208,11,14,3,1
Poseido Maestas San,9344,Poseido Maestas,San Francisco Giants,5,1,1,0,11,53,46,13,7,4,1,1,8,6,6,0,12,0,0,1,1,0,0,0,1,0,201,8,13,0,0
Jeffrey Hood Flo,8764,Jeffrey Hood,Florida Marlins,3,3,0,1,9.1,52,39,13,8,2,0,3,12,12,11,0,10,0,0,1,1,1,1,1,0,0,203,5,12,1,0
Josh Cross Los,15699,Josh Cross,Los Angeles Dodgers,8,0,2,0,11.1,49,48,13,7,3,0,3,7,6,1,0,8,0,0,0,0,0,0,0,9,2,176,13,13,2,0
Guillermo Curiel Los,35279,Guillermo Curiel,Los Angeles Dodgers,8,0,0,1,11,48,40,10,5,3,0,2,8,7,6,2,9,1,0,1,1,0,0,2,6,1,161,8,13,1,0
Alberto Guardiola Cle,26552,Alberto Guardiola,Cleveland Guardians,10,0,0,2,7.2,48,38,15,11,3,0,1,13,10,5,2,8,3,0,2,1,0,0,0,2,0,169,11,4,2,0
Zoro Paniagua Tex,35630,Zoro Paniagua,Texas Rangers,12,0,0,0,10,48,44,13,8,3,0,2,7,7,3,1,11,1,0,0,0,0,0,0,1,1,162,8,11,0,0
Connor Whittington Pit,26478,Connor Whittington,Pittsburgh Pirates,10,1,0,1,12.1,48,48,14,9,2,2,1,6,5,0,0,11,0,0,0,2,0,0,2,3,0,180,16,7,1,0
J.R. Theis Flo,15373,J.R. Theis,Florida Marlins,28,0,0,0,9.2,45,37,10,6,2,0,2,7,5,6,1,9,1,0,1,0,0,0,1,12,2,166,6,11,2,0
Ian Blomberg Kan,38385,Ian Blomberg,Kansas City Royals,7,0,0,0,10,44,38,10,5,3,1,1,9,9,5,0,8,0,0,1,0,0,0,1,1,0,155,11,10,0,0
Corentin du Pont New,38809,Corentin du Pont,New York Yankees,10,0,1,1,10,44,38,10,6,3,0,1,5,5,6,0,9,0,0,0,0,0,0,2,0,0,182,9,10,0,0
Jule Lamontagne Bal,33260,Jule Lamontagne,Baltimore Orioles,7,0,0,1,10,44,38,9,5,2,1,1,7,7,6,1,11,0,0,0,0,0,0,1,9,4,147,9,9,0,0
Taylor Bruns Cin,37263,Taylor Bruns,Cincinnati Reds,13,0,1,0,7.1,43,32,12,8,2,1,1,14,14,9,1,11,1,0,1,2,0,0,1,9,3,194,3,7,2,0
Richard Denomme Was,23050,Richard Denomme,Washington Nationals,12,0,1,0,10,43,40,8,6,0,0,2,5,5,3,0,13,0,0,0,2,0,0,0,9,3,173,8,9,1,0
Dan Fuqua -,9671,Dan Fuqua,-,4,0,0,0,9.2,43,40,13,7,2,0,4,10,10,3,1,9,0,0,0,1,0,0,2,2,1,157,9,9,1,0
Jeremiah Petrongolo Ana,23025,Jeremiah Petrongolo,Anaheim Angels,3,1,0,1,9,43,40,15,14,0,1,0,7,7,2,0,8,0,0,1,3,1,0,0,1,1,161,10,8,0,0
John Blanchard Cle,33875,John Blanchard,Cleveland Guardians,4,2,1,1,8.2,42,40,15,10,3,0,2,10,10,2,0,7,0,0,0,1,0,0,0,0,0,147,8,10,1,0
Jayden Cock Tor,21584,Jayden Cock,Toronto Blue Jays,28,0,1,0,10,40,36,6,3,2,0,1,4,3,3,0,16,0,1,0,0,0,0,0,10,1,178,5,9,0,0
Alexis Maple San,27251,Alexis Maple,San Francisco Giants,7,0,1,0,9.2,40,37,8,5,2,0,1,5,3,2,0,10,0,0,1,0,0,0,1,6,1,136,11,7,0,0
Jimmy James Vernier Chi,39654,Jimmy James Vernier,Chicago White Sox,8,0,0,0,6.1,37,29,11,5,1,1,4,11,11,8,0,11,0,0,0,0,0,0,1,3,0,162,2,5,1,0
Gus Arcangelo Oak,34336,Gus Arcangelo,Oakland Athletics,4,0,0,0,7.2,36,30,9,4,3,0,2,8,8,5,0,6,0,0,1,0,0,0,1,3,1,145,8,8,0,0
Patrick Yasuda Flo,35038,Patrick Yasuda,Florida Marlins,3,0,0,0,10,35,34,5,0,2,0,3,4,4,1,0,6,0,0,0,0,0,0,0,2,0,133,9,14,0,0
Scotty Coons -,22962,Scotty Coons,-,8,0,0,1,8,34,31,9,9,0,0,0,4,4,3,0,4,0,0,0,0,0,0,2,0,0,141,6,12,0,0
Warren Laufer San,38535,Warren Laufer,San Francisco Giants,12,0,0,0,8.2,34,30,6,5,1,0,0,0,0,4,0,4,0,0,0,1,0,0,2,8,3,129,11,9,1,0
Ronald Svoboda Atl,26137,Ronald Svoboda,Atlanta Hammers,6,0,0,0,8,34,31,8,5,1,0,2,8,8,3,0,7,0,0,0,0,0,0,1,4,2,113,5,11,0,0
Brendan Fotopoulos New,31365,Brendan Fotopoulos,New York Mets,5,2,0,0,7,32,29,9,6,0,0,3,9,9,3,0,5,0,0,0,0,0,0,1,1,1,114,8,7,1,0
Vicente García Chi,34326,Vicente García,Chicago Cubs,6,0,0,1,6.1,30,27,7,3,3,0,1,7,7,2,0,2,1,0,0,0,0,0,0,3,0,92,8,8,1,1
Gerald Orwell Bos,31339,Gerald Orwell,Boston Red Sox,5,0,0,0,6.2,29,26,7,4,1,0,2,3,3,3,0,4,0,0,0,0,0,0,0,1,0,131,5,10,0,1
Dan Dold Ana,19647,Dan Dold,Anaheim Angels,1,1,0,1,7,28,26,6,4,1,1,0,3,3,2,0,7,0,0,0,1,0,0,1,0,0,111,5,8,3,0
Josiah Gustafson Tam,28081,Josiah Gustafson,Tampa Bay Devil Rays,5,0,0,0,5,27,23,9,7,1,0,1,6,6,3,0,4,0,1,0,0,0,0,0,3,3,85,5,6,0,0
Iván Martínez Det,35534,Iván Martínez,Detroit Tigers,5,0,0,0,6,27,24,6,5,1,0,0,3,3,3,0,5,0,0,0,0,1,0,0,4,1,97,5,8,0,0
George Quick Ari,28083,George Quick,Arizona Diamondbacks,6,0,1,0,6,27,26,8,4,1,0,3,4,4,1,0,5,0,0,0,0,0,0,0,5,3,91,3,10,0,0
Yansiel Alcantara Ana,22943,Yansiel Alcantara,Anaheim Angels,1,1,0,0,7,26,24,3,1,0,1,1,3,3,2,0,8,0,0,0,1,0,0,0,0,0,100,5,8,0,0
Juan Jaimes Flo,36040,Juan Jaimes,Florida Marlins,6,0,0,2,3.2,24,17,6,3,2,0,1,8,5,7,1,3,0,0,0,0,0,0,0,4,3,103,2,6,0,0
Taichiro Konishi Oak,29548,Taichiro Konishi,Oakland Athletics,18,0,0,2,4.1,24,19,6,5,0,0,1,4,3,4,0,4,0,1,0,1,0,0,0,14,4,93,3,6,0,0
Vitantonio Bourque Atl,23371,Vitantonio Bourque,Atlanta Hammers,5,0,1,1,5.2,23,22,6,3,1,0,2,3,3,1,0,5,0,0,0,1,0,0,0,3,2,83,4,7,0,0
Uriel Pacheco Tex,36063,Uriel Pacheco,Texas Rangers,1,1,0,1,4.2,23,20,9,7,2,0,0,5,5,2,0,5,0,0,1,0,0,0,1,0,0,84,3,4,1,0
Freddie Pérez Tor,6948,Freddie Pérez,Toronto Blue Jays,3,0,0,0,4,23,17,5,4,0,0,1,8,4,5,0,5,0,0,1,1,0,0,0,1,0,96,2,5,0,0
Shabazz Green Tor,8567,Shabazz Green,Toronto Blue Jays,6,0,0,1,5.2,20,19,2,1,0,1,0,1,1,1,0,6,0,0,0,1,0,0,0,6,1,73,5,6,2,0
Karl Yost Hou,17356,Karl Yost,Houston Astros,4,0,0,1,3.2,19,16,7,4,1,1,1,3,3,1,0,3,1,0,1,0,0,0,0,5,1,70,4,3,0,1
Dan Esquivel New,25436,Dan Esquivel,New York Mets,3,0,0,0,3.2,18,16,5,2,2,0,1,2,2,2,0,5,0,0,0,1,0,0,0,3,2,70,2,4,0,0
Ryne Norwood Mon,35353,Ryne Norwood,Montreal Expos,1,1,0,1,4,18,17,7,5,1,0,1,5,5,1,0,3,0,0,0,0,0,0,2,0,0,76,3,4,0,0
Najar Spivey San,15296,Najar Spivey,San Francisco Giants,3,0,1,0,3.1,14,12,2,2,0,0,0,0,0,2,0,2,0,0,0,0,0,0,1,1,1,65,3,4,0,0
Solomon Suárez New,33717,Solomon Suárez,New York Yankees,4,0,0,0,3.2,14,14,3,1,1,0,1,2,2,0,0,5,0,0,0,0,0,0,0,2,1,53,4,2,0,0
Edward Storino Was,22636,Edward Storino,Washington Nationals,7,0,0,0,3.1,12,10,0,0,0,0,0,0,0,2,0,5,0,0,0,0,0,0,0,5,1,46,1,4,0,0
Roberto Jarrin New,17460,Roberto Jarrin,New York Mets,2,0,0,0,1.2,10,7,2,1,1,0,0,5,5,3,0,1,0,0,0,0,0,0,0,0,0,40,1,3,0,0
Williams Vega St.,26041,Williams Vega,St. Louis Cardinals,2,0,0,0,2,10,8,3,2,0,1,0,1,1,1,0,1,1,0,0,1,0,0,1,3,1,37,3,1,0,0
Yofet Nuñez Pit,29661,Yofet Nuñez,Pittsburgh Pirates,1,1,0,0,1.2,9,6,1,1,0,0,0,0,0,2,0,2,1,0,0,0,0,0,0,0,0,38,1,2,1,0
Ethan Gardener Los,15766,Ethan Gardener,Los Angeles Dodgers,1,0,1,0,1.2,7,7,2,2,0,0,0,1,1,0,0,0,0,0,0,0,0,0,0,1,0,21,2,3,0,0
Oscar Plooster Bal,37573,Oscar Plooster,Baltimore Orioles,2,0,0,0,0.2,4,3,1,0,1,0,0,1,1,1,0,1,0,0,0,0,0,0,0,1,0,15,0,1,0,0
